x-axis,2
second,Volt
-49.50365E-03,+654.10803E-03
-49.45365E-03,+490.89195E-03
-49.40365E-03,+355.36432E-03
-49.35365E-03,+155.71608E-03
-49.30365E-03,+66.82161E-03
-49.25365E-03,-48.30402E-03
-49.20365E-03,-211.52010E-03
-49.15365E-03,-291.67085E-03
-49.10365E-03,-342.67588E-03
-49.05365E-03,-281.46985E-03
-49.00365E-03,-296.04271E-03
-48.95365E-03,-323.73115E-03
-48.90365E-03,-290.21356E-03
-48.85365E-03,-217.34924E-03
-48.80365E-03,-24.98744E-03
-48.75365E-03,+126.57035E-03
-48.70365E-03,+215.46482E-03
-48.65365E-03,+318.93216E-03
-48.60365E-03,+505.46482E-03
-48.55365E-03,+495.26381E-03
-48.50365E-03,+546.26884E-03
-48.45365E-03,+598.73115E-03
-48.40365E-03,+700.74120E-03
-48.35365E-03,+724.05778E-03
-48.30365E-03,+713.85678E-03
-48.25365E-03,+594.35929E-03
-48.20365E-03,+573.95728E-03
-48.15365E-03,+480.69095E-03
-48.10365E-03,+350.99246E-03
-48.05365E-03,+187.77638E-03
-48.00365E-03,+183.40452E-03
-47.95365E-03,-3.12814E-03
-47.90365E-03,-75.99246E-03
-47.85365E-03,-145.94221E-03
-47.80365E-03,-128.45477E-03
-47.75365E-03,-226.09296E-03
-47.70365E-03,-230.46482E-03
-47.65365E-03,-253.78140E-03
-47.60365E-03,-202.77638E-03
-47.55365E-03,-156.14321E-03
-47.50365E-03,-24.98744E-03
-47.45365E-03,+56.62060E-03
-47.40365E-03,+75.56533E-03
-47.35365E-03,+215.46482E-03
-47.30365E-03,+298.53015E-03
-47.25365E-03,+342.24874E-03
-47.20365E-03,+425.31407E-03
-47.15365E-03,+495.26381E-03
-47.10365E-03,+435.51507E-03
-47.05365E-03,+579.78643E-03
-47.00365E-03,+528.78140E-03
-46.95365E-03,+471.94723E-03
-46.90365E-03,+439.88693E-03
-46.85365E-03,+444.25879E-03
-46.80365E-03,+336.41959E-03
-46.75365E-03,+211.09296E-03
-46.70365E-03,+136.77136E-03
-46.65365E-03,+179.03266E-03
-46.60365E-03,+34.76131E-03
-46.55365E-03,-39.56030E-03
-46.50365E-03,-67.24874E-03
-46.45365E-03,-124.08291E-03
-46.40365E-03,-170.71608E-03
-46.35365E-03,-141.57035E-03
-46.30365E-03,-94.93718E-03
-46.25365E-03,-16.24372E-03
-46.20365E-03,-57.04774E-03
-46.15365E-03,+28.93216E-03
-46.10365E-03,+62.44975E-03
-46.05365E-03,+98.88191E-03
-46.00365E-03,+183.40452E-03
-45.95365E-03,+183.40452E-03
-45.90365E-03,+304.35929E-03
-45.85365E-03,+313.10301E-03
-45.80365E-03,+416.57035E-03
-45.75365E-03,+420.94221E-03
-45.70365E-03,+429.68593E-03
-45.65365E-03,+337.87688E-03
-45.60365E-03,+406.36934E-03
-45.55365E-03,+383.05276E-03
-45.50365E-03,+308.73115E-03
-45.45365E-03,+244.61055E-03
-45.40365E-03,+215.46482E-03
-45.35365E-03,+95.96734E-03
-45.30365E-03,+103.25377E-03
-45.25365E-03,+111.99749E-03
-45.20365E-03,+79.93719E-03
-45.15365E-03,-48.30402E-03
-45.10365E-03,+20.18844E-03
-45.05365E-03,-11.87186E-03
-45.00365E-03,+9.98744E-03
-44.95365E-03,-52.67588E-03
-44.90365E-03,-33.73116E-03
-44.85365E-03,+66.82161E-03
-44.80365E-03,+26.01759E-03
-44.75365E-03,+126.57035E-03
-44.70365E-03,+205.26382E-03
-44.65365E-03,+228.58040E-03
-44.60365E-03,+196.52010E-03
-44.55365E-03,+225.66583E-03
-44.50365E-03,+332.04774E-03
-44.45365E-03,+323.30402E-03
-44.40365E-03,+289.78643E-03
-44.35365E-03,+281.04271E-03
-44.30365E-03,+359.73618E-03
-44.25365E-03,+244.61055E-03
-44.20365E-03,+244.61055E-03
-44.15365E-03,+248.98241E-03
-44.10365E-03,+181.94723E-03
-44.05365E-03,+122.19849E-03
-44.00365E-03,+71.19347E-03
-43.95365E-03,+47.87688E-03
-43.90365E-03,+28.93216E-03
-43.85365E-03,+90.13819E-03
-43.80365E-03,+42.04774E-03
-43.75365E-03,+18.73116E-03
-43.70365E-03,+9.98744E-03
-43.65365E-03,+24.56030E-03
-43.60365E-03,-43.93216E-03
-43.55365E-03,+15.81658E-03
-43.50365E-03,+103.25377E-03
-43.45365E-03,+66.82161E-03
-43.40365E-03,+179.03266E-03
-43.35365E-03,+225.66583E-03
-43.30365E-03,+136.77136E-03
-43.25365E-03,+228.58040E-03
-43.20365E-03,+168.83166E-03
-43.15365E-03,+251.89698E-03
-43.10365E-03,+168.83166E-03
-43.05365E-03,+221.29397E-03
-43.00365E-03,+289.78643E-03
-42.95365E-03,+221.29397E-03
-42.90365E-03,+276.67085E-03
-42.85365E-03,+225.66583E-03
-42.80365E-03,+145.51507E-03
-42.75365E-03,+128.02764E-03
-42.70365E-03,+98.88191E-03
-42.65365E-03,+66.82161E-03
-42.60365E-03,+126.57035E-03
-42.55365E-03,+43.50502E-03
-42.50365E-03,+94.51005E-03
-42.45365E-03,-11.87186E-03
-42.40365E-03,+43.50502E-03
-42.35365E-03,-24.98744E-03
-42.30365E-03,+28.93216E-03
-42.25365E-03,+103.25377E-03
-42.20365E-03,+145.51507E-03
-42.15365E-03,+52.24874E-03
-42.10365E-03,+94.51005E-03
-42.05365E-03,+85.76633E-03
-42.00365E-03,+145.51507E-03
-41.95365E-03,+187.77638E-03
-41.90365E-03,+145.51507E-03
-41.85365E-03,+151.34422E-03
-41.80365E-03,+228.58040E-03
-41.75365E-03,+219.83668E-03
-41.70365E-03,+155.71608E-03
-41.65365E-03,+187.77638E-03
-41.60365E-03,+202.34924E-03
-41.55365E-03,+192.14824E-03
-41.50365E-03,+149.88693E-03
-41.45365E-03,+126.57035E-03
-41.40365E-03,+90.13819E-03
-41.35365E-03,+135.31407E-03
-41.30365E-03,+135.31407E-03
-41.25365E-03,+126.57035E-03
-41.20365E-03,+90.13819E-03
-41.15365E-03,+75.56533E-03
-41.10365E-03,-24.98744E-03
-41.05365E-03,+85.76633E-03
-41.00365E-03,+71.19347E-03
-40.95365E-03,+58.07789E-03
-40.90365E-03,+88.68090E-03
-40.85365E-03,+98.88191E-03
-40.80365E-03,+52.24874E-03
-40.75365E-03,+66.82161E-03
-40.70365E-03,+149.88693E-03
-40.65365E-03,+56.62060E-03
-40.60365E-03,+141.14321E-03
-40.55365E-03,+155.71608E-03
-40.50365E-03,+113.45477E-03
-40.45365E-03,+109.08291E-03
-40.40365E-03,+149.88693E-03
-40.35365E-03,+192.14824E-03
-40.30365E-03,+117.82663E-03
-40.25365E-03,+192.14824E-03
-40.20365E-03,+66.82161E-03
-40.15365E-03,+122.19849E-03
-40.10365E-03,+85.76633E-03
-40.05365E-03,+117.82663E-03
-40.00365E-03,+81.39447E-03
-39.95365E-03,+71.19347E-03
-39.90365E-03,+117.82663E-03
-39.85365E-03,+52.24874E-03
-39.80365E-03,+90.13819E-03
-39.75365E-03,+15.81658E-03
-39.70365E-03,+71.19347E-03
-39.65365E-03,+85.76633E-03
-39.60365E-03,+28.93216E-03
-39.55365E-03,+47.87688E-03
-39.50365E-03,+28.93216E-03
-39.45365E-03,+98.88191E-03
-39.40365E-03,+39.13317E-03
-39.35365E-03,+126.57035E-03
-39.30365E-03,+154.25879E-03
-39.25365E-03,+135.31407E-03
-39.20365E-03,+173.20352E-03
-39.15365E-03,+168.83166E-03
-39.10365E-03,+141.14321E-03
-39.05365E-03,+187.77638E-03
-39.00365E-03,+103.25377E-03
-38.95365E-03,+149.88693E-03
-38.90365E-03,+179.03266E-03
-38.85365E-03,+66.82161E-03
-38.80365E-03,+94.51005E-03
-38.75365E-03,+155.71608E-03
-38.70365E-03,+107.62563E-03
-38.65365E-03,+107.62563E-03
-38.60365E-03,+113.45477E-03
-38.55365E-03,+88.68090E-03
-38.50365E-03,+75.56533E-03
-38.45365E-03,+71.19347E-03
-38.40365E-03,+94.51005E-03
-38.35365E-03,+43.50502E-03
-38.30365E-03,+39.13317E-03
-38.25365E-03,+43.50502E-03
-38.20365E-03,+66.82161E-03
-38.15365E-03,+62.44975E-03
-38.10365E-03,+65.36432E-03
-38.05365E-03,+103.25377E-03
-38.00365E-03,+109.08291E-03
-37.95365E-03,+39.13317E-03
-37.90365E-03,+85.76633E-03
-37.85365E-03,+85.76633E-03
-37.80365E-03,+149.88693E-03
-37.75365E-03,+177.57538E-03
-37.70365E-03,+85.76633E-03
-37.65365E-03,+43.50502E-03
-37.60365E-03,+81.39447E-03
-37.55365E-03,+145.51507E-03
-37.50365E-03,+141.14321E-03
-37.45365E-03,+79.93719E-03
-37.40365E-03,+111.99749E-03
-37.35365E-03,+5.61558E-03
-37.30365E-03,+66.82161E-03
-37.25365E-03,+117.82663E-03
-37.20365E-03,+58.07789E-03
-37.15365E-03,-7.50000E-03
-37.10365E-03,+94.51005E-03
-37.05365E-03,+113.45477E-03
-37.00365E-03,+34.76131E-03
-36.95365E-03,+107.62563E-03
-36.90365E-03,+141.14321E-03
-36.85365E-03,+84.30904E-03
-36.80365E-03,+75.56533E-03
-36.75365E-03,+43.50502E-03
-36.70365E-03,+75.56533E-03
-36.65365E-03,+90.13819E-03
-36.60365E-03,+135.31407E-03
-36.55365E-03,+145.51507E-03
-36.50365E-03,+117.82663E-03
-36.45365E-03,+158.63065E-03
-36.40365E-03,+81.39447E-03
-36.35365E-03,+52.24874E-03
-36.30365E-03,+136.77136E-03
-36.25365E-03,+47.87688E-03
-36.20365E-03,+28.93216E-03
-36.15365E-03,+117.82663E-03
-36.10365E-03,+126.57035E-03
-36.05365E-03,+43.50502E-03
-36.00365E-03,+85.76633E-03
-35.95365E-03,+94.51005E-03
-35.90365E-03,+103.25377E-03
-35.85365E-03,+20.18844E-03
-35.80365E-03,+109.08291E-03
-35.75365E-03,+62.44975E-03
-35.70365E-03,+135.31407E-03
-35.65365E-03,+66.82161E-03
-35.60365E-03,-3.12814E-03
-35.55365E-03,+126.57035E-03
-35.50365E-03,+24.56030E-03
-35.45365E-03,+47.87688E-03
-35.40365E-03,+58.07789E-03
-35.35365E-03,+71.19347E-03
-35.30365E-03,+28.93216E-03
-35.25365E-03,+158.63065E-03
-35.20365E-03,+56.62060E-03
-35.15365E-03,+126.57035E-03
-35.10365E-03,+66.82161E-03
-35.05365E-03,+117.82663E-03
-35.00365E-03,+88.68090E-03
-34.95365E-03,+20.18844E-03
-34.90365E-03,+20.18844E-03
-34.85365E-03,+65.36432E-03
-34.80365E-03,+79.93719E-03
-34.75365E-03,+34.76131E-03
-34.70365E-03,+103.25377E-03
-34.65365E-03,+9.98744E-03
-34.60365E-03,+33.30402E-03
-34.55365E-03,+85.76633E-03
-34.50365E-03,+66.82161E-03
-34.45365E-03,+34.76131E-03
-34.40365E-03,+1.24372E-03
-34.35365E-03,+84.30904E-03
-34.30365E-03,+2.70101E-03
-34.25365E-03,+113.45477E-03
-34.20365E-03,-3.12814E-03
-34.15365E-03,+111.99749E-03
-34.10365E-03,+58.07789E-03
-34.05365E-03,+75.56533E-03
-34.00365E-03,+126.57035E-03
-33.95365E-03,+71.19347E-03
-33.90365E-03,+52.24874E-03
-33.85365E-03,+90.13819E-03
-33.80365E-03,-3.12814E-03
-33.75365E-03,+56.62060E-03
-33.70365E-03,+33.30402E-03
-33.65365E-03,+56.62060E-03
-33.60365E-03,+94.51005E-03
-33.55365E-03,+28.93216E-03
-33.50365E-03,+84.30904E-03
-33.45365E-03,+33.30402E-03
-33.40365E-03,+62.44975E-03
-33.35365E-03,+34.76131E-03
-33.30365E-03,+52.24874E-03
-33.25365E-03,+20.18844E-03
-33.20365E-03,+85.76633E-03
-33.15365E-03,+33.30402E-03
-33.10365E-03,+65.36432E-03
-33.05365E-03,+85.76633E-03
-33.00365E-03,+62.44975E-03
-32.95365E-03,+71.19347E-03
-32.90365E-03,+5.61558E-03
-32.85365E-03,+39.13317E-03
-32.80365E-03,+122.19849E-03
-32.75365E-03,+98.88191E-03
-32.70365E-03,+47.87688E-03
-32.65365E-03,+85.76633E-03
-32.60365E-03,+85.76633E-03
-32.55365E-03,+56.62060E-03
-32.50365E-03,+20.18844E-03
-32.45365E-03,+62.44975E-03
-32.40365E-03,+20.18844E-03
-32.35365E-03,+94.51005E-03
-32.30365E-03,+90.13819E-03
-32.25365E-03,+52.24874E-03
-32.20365E-03,+88.68090E-03
-32.15365E-03,+9.98744E-03
-32.10365E-03,+5.61558E-03
-32.05365E-03,+28.93216E-03
-32.00365E-03,+65.36432E-03
-31.95365E-03,+79.93719E-03
-31.90365E-03,+109.08291E-03
-31.85365E-03,+109.08291E-03
-31.80365E-03,+28.93216E-03
-31.75365E-03,+47.87688E-03
-31.70365E-03,+79.93719E-03
-31.65365E-03,+15.81658E-03
-31.60365E-03,+43.50502E-03
-31.55365E-03,+94.51005E-03
-31.50365E-03,+28.93216E-03
-31.45365E-03,+71.19347E-03
-31.40365E-03,+34.76131E-03
-31.35365E-03,+43.50502E-03
-31.30365E-03,+98.88191E-03
-31.25365E-03,+79.93719E-03
-31.20365E-03,+15.81658E-03
-31.15365E-03,+52.24874E-03
-31.10365E-03,+88.68090E-03
-31.05365E-03,+62.44975E-03
-31.00365E-03,+33.30402E-03
-30.95365E-03,+28.93216E-03
-30.90365E-03,+52.24874E-03
-30.85365E-03,+65.36432E-03
-30.80365E-03,+28.93216E-03
-30.75365E-03,+85.76633E-03
-30.70365E-03,+71.19347E-03
-30.65365E-03,+56.62060E-03
-30.60365E-03,-24.98744E-03
-30.55365E-03,+62.44975E-03
-30.50365E-03,+43.50502E-03
-30.45365E-03,+94.51005E-03
-30.40365E-03,+15.81658E-03
-30.35365E-03,+34.76131E-03
-30.30365E-03,+85.76633E-03
-30.25365E-03,+85.76633E-03
-30.20365E-03,+43.50502E-03
-30.15365E-03,+90.13819E-03
-30.10365E-03,-33.73116E-03
-30.05365E-03,+1.24372E-03
-30.00365E-03,+103.25377E-03
-29.95365E-03,+103.25377E-03
-29.90365E-03,+109.08291E-03
-29.85365E-03,+11.44472E-03
-29.80365E-03,+20.18844E-03
-29.75365E-03,+9.98744E-03
-29.70365E-03,+103.25377E-03
-29.65365E-03,+84.30904E-03
-29.60365E-03,+85.76633E-03
-29.55365E-03,-20.61558E-03
-29.50365E-03,-24.98744E-03
-29.45365E-03,+79.93719E-03
-29.40365E-03,+11.44472E-03
-29.35365E-03,+28.93216E-03
-29.30365E-03,+79.93719E-03
-29.25365E-03,+9.98744E-03
-29.20365E-03,+79.93719E-03
-29.15365E-03,+28.93216E-03
-29.10365E-03,+56.62060E-03
-29.05365E-03,+15.81658E-03
-29.00365E-03,-3.12814E-03
-28.95365E-03,+107.62563E-03
-28.90365E-03,+66.82161E-03
-28.85365E-03,+94.51005E-03
-28.80365E-03,+85.76633E-03
-28.75365E-03,+43.50502E-03
-28.70365E-03,+75.56533E-03
-28.65365E-03,+85.76633E-03
-28.60365E-03,+11.44472E-03
-28.55365E-03,+47.87688E-03
-28.50365E-03,+5.61558E-03
-28.45365E-03,+79.93719E-03
-28.40365E-03,+65.36432E-03
-28.35365E-03,+71.19347E-03
-28.30365E-03,+42.04774E-03
-28.25365E-03,-35.18844E-03
-28.20365E-03,+52.24874E-03
-28.15365E-03,+65.36432E-03
-28.10365E-03,+9.98744E-03
-28.05365E-03,+65.36432E-03
-28.00365E-03,+47.87688E-03
-27.95365E-03,+24.56030E-03
-27.90365E-03,+84.30904E-03
-27.85365E-03,+71.19347E-03
-27.80365E-03,+20.18844E-03
-27.75365E-03,+47.87688E-03
-27.70365E-03,+24.56030E-03
-27.65365E-03,+11.44472E-03
-27.60365E-03,+1.24372E-03
-27.55365E-03,+71.19347E-03
-27.50365E-03,+71.19347E-03
-27.45365E-03,-48.30402E-03
-27.40365E-03,+85.76633E-03
-27.35365E-03,+24.56030E-03
-27.30365E-03,+94.51005E-03
-27.25365E-03,+75.56533E-03
-27.20365E-03,+56.62060E-03
-27.15365E-03,+65.36432E-03
-27.10365E-03,+24.56030E-03
-27.05365E-03,-11.87186E-03
-27.00365E-03,+71.19347E-03
-26.95365E-03,+84.30904E-03
-26.90365E-03,+47.87688E-03
-26.85365E-03,+43.50502E-03
-26.80365E-03,+88.68090E-03
-26.75365E-03,+62.44975E-03
-26.70365E-03,+56.62060E-03
-26.65365E-03,+43.50502E-03
-26.60365E-03,+20.18844E-03
-26.55365E-03,+43.50502E-03
-26.50365E-03,+37.67588E-03
-26.45365E-03,+56.62060E-03
-26.40365E-03,+28.93216E-03
-26.35365E-03,+71.19347E-03
-26.30365E-03,+43.50502E-03
-26.25365E-03,-7.50000E-03
-26.20365E-03,+28.93216E-03
-26.15365E-03,+1.24372E-03
-26.10365E-03,-30.81658E-03
-26.05365E-03,+34.76131E-03
-26.00365E-03,+52.24874E-03
-25.95365E-03,+43.50502E-03
-25.90365E-03,+90.13819E-03
-25.85365E-03,+33.30402E-03
-25.80365E-03,-20.61558E-03
-25.75365E-03,+43.50502E-03
-25.70365E-03,+79.93719E-03
-25.65365E-03,+15.81658E-03
-25.60365E-03,+75.56533E-03
-25.55365E-03,+11.44472E-03
-25.50365E-03,+1.24372E-03
-25.45365E-03,+66.82161E-03
-25.40365E-03,+52.24874E-03
-25.35365E-03,-24.98744E-03
-25.30365E-03,+71.19347E-03
-25.25365E-03,+98.88191E-03
-25.20365E-03,+15.81658E-03
-25.15365E-03,+24.56030E-03
-25.10365E-03,-30.81658E-03
-25.05365E-03,-20.61558E-03
-25.00365E-03,-124.08291E-03
-24.95365E-03,-510.26381E-03
-24.90365E-03,-660.36431E-03
-24.85365E-03,-706.99748E-03
-24.80365E-03,-855.64069E-03
-24.75365E-03,-991.16833E-03
-24.70365E-03,-921.21858E-03
-24.65365E-03,-957.65074E-03
-24.60365E-03,-804.63567E-03
-24.55365E-03,-887.70100E-03
-24.50365E-03,-673.47989E-03
-24.45365E-03,-548.15326E-03
-24.40365E-03,-365.99246E-03
-24.35365E-03,-160.51507E-03
-24.30365E-03,-62.87688E-03
-24.25365E-03,+24.56030E-03
-24.20365E-03,+136.77136E-03
-24.15365E-03,+230.03769E-03
-24.10365E-03,+299.98743E-03
-24.05365E-03,+314.56030E-03
-24.00365E-03,+378.68090E-03
-23.95365E-03,+321.84673E-03
-23.90365E-03,+202.34924E-03
-23.85365E-03,+85.76633E-03
-23.80365E-03,+60.99246E-03
-23.75365E-03,-77.44975E-03
-23.70365E-03,-281.46985E-03
-23.65365E-03,-376.19346E-03
-23.60365E-03,-454.88693E-03
-23.55365E-03,-637.04773E-03
-23.50365E-03,-682.22361E-03
-23.45365E-03,-715.74120E-03
-23.40365E-03,-683.68090E-03
-23.35365E-03,-677.85175E-03
-23.30365E-03,-679.30904E-03
-23.25365E-03,-626.84673E-03
-23.20365E-03,-590.41457E-03
-23.15365E-03,-497.14824E-03
-23.10365E-03,-450.51507E-03
-23.05365E-03,-328.10301E-03
-23.00365E-03,-147.39950E-03
-22.95365E-03,-30.81658E-03
-22.90365E-03,+62.44975E-03
-22.85365E-03,+113.45477E-03
-22.80365E-03,+181.94723E-03
-22.75365E-03,+205.26382E-03
-22.70365E-03,+168.83166E-03
-22.65365E-03,+181.94723E-03
-22.60365E-03,+168.83166E-03
-22.55365E-03,+75.56533E-03
-22.50365E-03,-16.24372E-03
-22.45365E-03,-141.57035E-03
-22.40365E-03,-179.45980E-03
-22.35365E-03,-266.89698E-03
-22.30365E-03,-365.99246E-03
-22.25365E-03,-416.99748E-03
-22.20365E-03,-469.45979E-03
-22.15365E-03,-543.78140E-03
-22.10365E-03,-546.69597E-03
-22.05365E-03,-497.14824E-03
-22.00365E-03,-482.57537E-03
-21.95365E-03,-524.83668E-03
-21.90365E-03,-486.94723E-03
-21.85365E-03,-421.36934E-03
-21.80365E-03,-389.30904E-03
-21.75365E-03,-277.09799E-03
-21.70365E-03,-230.46482E-03
-21.65365E-03,-179.45980E-03
-21.60365E-03,-118.25377E-03
-21.55365E-03,-20.61558E-03
-21.50365E-03,+39.13317E-03
-21.45365E-03,+52.24874E-03
-21.40365E-03,+111.99749E-03
-21.35365E-03,+75.56533E-03
-21.30365E-03,+109.08291E-03
-21.25365E-03,+28.93216E-03
-21.20365E-03,-71.62060E-03
-21.15365E-03,-80.36432E-03
-21.10365E-03,-179.45980E-03
-21.05365E-03,-217.34924E-03
-21.00365E-03,-245.03769E-03
-20.95365E-03,-272.72613E-03
-20.90365E-03,-365.99246E-03
-20.85365E-03,-431.57035E-03
-20.80365E-03,-403.88191E-03
-20.75365E-03,-403.88191E-03
-20.70365E-03,-473.83165E-03
-20.65365E-03,-500.06281E-03
-20.60365E-03,-412.62562E-03
-20.55365E-03,-323.73115E-03
-20.50365E-03,-342.67588E-03
-20.45365E-03,-319.35929E-03
-20.40365E-03,-217.34924E-03
-20.35365E-03,-124.08291E-03
-20.30365E-03,-145.94221E-03
-20.25365E-03,-62.87688E-03
-20.20365E-03,-86.19347E-03
-20.15365E-03,+9.98744E-03
-20.10365E-03,+33.30402E-03
-20.05365E-03,-16.24372E-03
-20.00365E-03,-29.35930E-03
-19.95365E-03,-48.30402E-03
-19.90365E-03,-75.99246E-03
-19.85365E-03,-128.45477E-03
-19.80365E-03,-105.13819E-03
-19.75365E-03,-169.25879E-03
-19.70365E-03,-105.13819E-03
-19.65365E-03,-230.46482E-03
-19.60365E-03,-249.40954E-03
-19.55365E-03,-253.78140E-03
-19.50365E-03,-338.30402E-03
-19.45365E-03,-333.93216E-03
-19.40365E-03,-412.62562E-03
-19.35365E-03,-333.93216E-03
-19.30365E-03,-365.99246E-03
-19.25365E-03,-365.99246E-03
-19.20365E-03,-304.78643E-03
-19.15365E-03,-328.10301E-03
-19.10365E-03,-245.03769E-03
-19.05365E-03,-175.08794E-03
-19.00365E-03,-137.19849E-03
-18.95365E-03,-62.87688E-03
-18.90365E-03,-54.13317E-03
-18.85365E-03,-90.56533E-03
-18.80365E-03,-26.44472E-03
-18.75365E-03,-16.24372E-03
-18.70365E-03,-67.24874E-03
-18.65365E-03,-75.99246E-03
-18.60365E-03,+5.61558E-03
-18.55365E-03,-103.68090E-03
-18.50365E-03,-118.25377E-03
-18.45365E-03,-113.88191E-03
-18.40365E-03,-113.88191E-03
-18.35365E-03,-175.08794E-03
-18.30365E-03,-239.20854E-03
-18.25365E-03,-266.89698E-03
-18.20365E-03,-234.83668E-03
-18.15365E-03,-258.15326E-03
-18.10365E-03,-282.92713E-03
-18.05365E-03,-300.41457E-03
-18.00365E-03,-258.15326E-03
-17.95365E-03,-266.89698E-03
-17.90365E-03,-304.78643E-03
-17.85365E-03,-175.08794E-03
-17.80365E-03,-263.98241E-03
-17.75365E-03,-160.51507E-03
-17.70365E-03,-156.14321E-03
-17.65365E-03,-118.25377E-03
-17.60365E-03,-175.08794E-03
-17.55365E-03,-86.19347E-03
-17.50365E-03,-109.51005E-03
-17.45365E-03,-90.56533E-03
-17.40365E-03,-90.56533E-03
-17.35365E-03,-90.56533E-03
-17.30365E-03,-58.50502E-03
-17.25365E-03,-122.62563E-03
-17.20365E-03,-113.88191E-03
-17.15365E-03,-151.77136E-03
-17.10365E-03,-96.39447E-03
-17.05365E-03,-179.45980E-03
-17.00365E-03,-179.45980E-03
-16.95365E-03,-221.72110E-03
-16.90365E-03,-240.66583E-03
-16.85365E-03,-175.08794E-03
-16.80365E-03,-266.89698E-03
-16.75365E-03,-230.46482E-03
-16.70365E-03,-268.35427E-03
-16.65365E-03,-207.14824E-03
-16.60365E-03,-221.72110E-03
-16.55365E-03,-230.46482E-03
-16.50365E-03,-234.83668E-03
-16.45365E-03,-183.83166E-03
-16.40365E-03,-105.13819E-03
-16.35365E-03,-160.51507E-03
-16.30365E-03,-109.51005E-03
-16.25365E-03,-156.14321E-03
-16.20365E-03,-160.51507E-03
-16.15365E-03,-94.93718E-03
-16.10365E-03,-94.93718E-03
-16.05365E-03,-30.81658E-03
-16.00365E-03,-118.25377E-03
-15.95365E-03,-122.62563E-03
-15.90365E-03,-7.50000E-03
-15.85365E-03,-132.82663E-03
-15.80365E-03,-96.39447E-03
-15.75365E-03,-170.71608E-03
-15.70365E-03,-119.71105E-03
-15.65365E-03,-188.20352E-03
-15.60365E-03,-179.45980E-03
-15.55365E-03,-128.45477E-03
-15.50365E-03,-234.83668E-03
-15.45365E-03,-258.15326E-03
-15.40365E-03,-202.77638E-03
-15.35365E-03,-221.72110E-03
-15.30365E-03,-272.72613E-03
-15.25365E-03,-220.26382E-03
-15.20365E-03,-175.08794E-03
-15.15365E-03,-179.45980E-03
-15.10365E-03,-194.03266E-03
-15.05365E-03,-118.25377E-03
-15.00365E-03,-118.25377E-03
-14.95365E-03,-150.31407E-03
-14.90365E-03,-113.88191E-03
-14.85365E-03,-73.07789E-03
-14.80365E-03,-147.39950E-03
-14.75365E-03,-77.44975E-03
-14.70365E-03,-67.24874E-03
-14.65365E-03,-48.30402E-03
-14.60365E-03,-54.13317E-03
-14.55365E-03,-71.62060E-03
-14.50365E-03,-90.56533E-03
-14.45365E-03,-86.19347E-03
-14.40365E-03,-151.77136E-03
-14.35365E-03,-62.87688E-03
-14.30365E-03,-113.88191E-03
-14.25365E-03,-183.83166E-03
-14.20365E-03,-211.52010E-03
-14.15365E-03,-151.77136E-03
-14.10365E-03,-207.14824E-03
-14.05365E-03,-198.40452E-03
-14.00365E-03,-240.66583E-03
-13.95365E-03,-150.31407E-03
-13.90365E-03,-183.83166E-03
-13.85365E-03,-211.52010E-03
-13.80365E-03,-132.82663E-03
-13.75365E-03,-141.57035E-03
-13.70365E-03,-170.71608E-03
-13.65365E-03,-109.51005E-03
-13.60365E-03,-109.51005E-03
-13.55365E-03,-147.39950E-03
-13.50365E-03,-109.51005E-03
-13.45365E-03,-145.94221E-03
-13.40365E-03,-73.07789E-03
-13.35365E-03,-151.77136E-03
-13.30365E-03,-160.51507E-03
-13.25365E-03,-58.50502E-03
-13.20365E-03,-77.44975E-03
-13.15365E-03,-58.50502E-03
-13.10365E-03,-81.82161E-03
-13.05365E-03,-147.39950E-03
-13.00365E-03,-173.63065E-03
-12.95365E-03,-207.14824E-03
-12.90365E-03,-173.63065E-03
-12.85365E-03,-192.57537E-03
-12.80365E-03,-205.69095E-03
-12.75365E-03,-143.02764E-03
-12.70365E-03,-164.88693E-03
-12.65365E-03,-188.20352E-03
-12.60365E-03,-109.51005E-03
-12.55365E-03,-62.87688E-03
-12.50365E-03,-183.83166E-03
-12.45365E-03,-179.45980E-03
-12.40365E-03,-151.77136E-03
-12.35365E-03,-151.77136E-03
-12.30365E-03,-164.88693E-03
-12.25365E-03,-71.62060E-03
-12.20365E-03,-77.44975E-03
-12.15365E-03,-141.57035E-03
-12.10365E-03,-54.13317E-03
-12.05365E-03,-58.50502E-03
-12.00365E-03,-103.68090E-03
-11.95365E-03,-126.99749E-03
-11.90365E-03,-150.31407E-03
-11.85365E-03,-54.13317E-03
-11.80365E-03,-202.77638E-03
-11.75365E-03,-164.88693E-03
-11.70365E-03,-150.31407E-03
-11.65365E-03,-100.76633E-03
-11.60365E-03,-109.51005E-03
-11.55365E-03,-113.88191E-03
-11.50365E-03,-175.08794E-03
-11.45365E-03,-96.39447E-03
-11.40365E-03,-137.19849E-03
-11.35365E-03,-194.03266E-03
-11.30365E-03,-94.93718E-03
-11.25365E-03,-170.71608E-03
-11.20365E-03,-132.82663E-03
-11.15365E-03,-150.31407E-03
-11.10365E-03,-73.07789E-03
-11.05365E-03,-137.19849E-03
-11.00365E-03,-156.14321E-03
-10.95365E-03,-118.25377E-03
-10.90365E-03,-90.56533E-03
-10.85365E-03,-86.19347E-03
-10.80365E-03,-35.18844E-03
-10.75365E-03,-122.62563E-03
-10.70365E-03,-48.30402E-03
-10.65365E-03,-86.19347E-03
-10.60365E-03,-156.14321E-03
-10.55365E-03,-90.56533E-03
-10.50365E-03,-77.44975E-03
-10.45365E-03,-90.56533E-03
-10.40365E-03,-48.30402E-03
-10.35365E-03,-151.77136E-03
-10.30365E-03,-126.99749E-03
-10.25365E-03,-105.13819E-03
-10.20365E-03,-188.20352E-03
-10.15365E-03,-141.57035E-03
-10.10365E-03,-128.45477E-03
-10.05365E-03,-48.30402E-03
-10.00365E-03,-119.71105E-03
-9.95365E-03,-137.19849E-03
-9.90365E-03,-58.50502E-03
-9.85365E-03,-122.62563E-03
-9.80365E-03,-132.82663E-03
-9.75365E-03,-30.81658E-03
-9.70365E-03,-67.24874E-03
-9.65365E-03,-132.82663E-03
-9.60365E-03,-48.30402E-03
-9.55365E-03,-124.08291E-03
-9.50365E-03,-137.19849E-03
-9.45365E-03,-30.81658E-03
-9.40365E-03,-49.76131E-03
-9.35365E-03,-54.13317E-03
-9.30365E-03,-164.88693E-03
-9.25365E-03,-132.82663E-03
-9.20365E-03,-62.87688E-03
-9.15365E-03,-39.56030E-03
-9.10365E-03,-141.57035E-03
-9.05365E-03,-145.94221E-03
-9.00365E-03,-81.82161E-03
-8.95365E-03,-105.13819E-03
-8.90365E-03,-90.56533E-03
-8.85365E-03,-73.07789E-03
-8.80365E-03,-109.51005E-03
-8.75365E-03,-109.51005E-03
-8.70365E-03,-39.56030E-03
-8.65365E-03,-90.56533E-03
-8.60365E-03,-151.77136E-03
-8.55365E-03,-48.30402E-03
-8.50365E-03,-141.57035E-03
-8.45365E-03,-147.39950E-03
-8.40365E-03,-54.13317E-03
-8.35365E-03,-39.56030E-03
-8.30365E-03,-113.88191E-03
-8.25365E-03,-103.68090E-03
-8.20365E-03,-62.87688E-03
-8.15365E-03,-67.24874E-03
-8.10365E-03,-67.24874E-03
-8.05365E-03,-109.51005E-03
-8.00365E-03,-103.68090E-03
-7.95365E-03,-58.50502E-03
-7.90365E-03,-67.24874E-03
-7.85365E-03,-122.62563E-03
-7.80365E-03,-90.56533E-03
-7.75365E-03,-147.39950E-03
-7.70365E-03,-141.57035E-03
-7.65365E-03,-48.30402E-03
-7.60365E-03,-90.56533E-03
-7.55365E-03,-54.13317E-03
-7.50365E-03,-122.62563E-03
-7.45365E-03,-62.87688E-03
-7.40365E-03,-118.25377E-03
-7.35365E-03,-113.88191E-03
-7.30365E-03,-100.76633E-03
-7.25365E-03,-137.19849E-03
-7.20365E-03,-132.82663E-03
-7.15365E-03,-128.45477E-03
-7.10365E-03,-147.39950E-03
-7.05365E-03,-100.76633E-03
-7.00365E-03,-90.56533E-03
-6.95365E-03,-90.56533E-03
-6.90365E-03,-132.82663E-03
-6.85365E-03,-132.82663E-03
-6.80365E-03,-128.45477E-03
-6.75365E-03,-122.62563E-03
-6.70365E-03,-124.08291E-03
-6.65365E-03,-103.68090E-03
-6.60365E-03,-86.19347E-03
-6.55365E-03,-35.18844E-03
-6.50365E-03,-62.87688E-03
-6.45365E-03,-81.82161E-03
-6.40365E-03,-39.56030E-03
-6.35365E-03,-132.82663E-03
-6.30365E-03,-132.82663E-03
-6.25365E-03,-156.14321E-03
-6.20365E-03,-67.24874E-03
-6.15365E-03,-39.56030E-03
-6.10365E-03,-128.45477E-03
-6.05365E-03,-126.99749E-03
-6.00365E-03,-118.25377E-03
-5.95365E-03,-41.01759E-03
-5.90365E-03,-39.56030E-03
-5.85365E-03,-113.88191E-03
-5.80365E-03,-141.57035E-03
-5.75365E-03,-90.56533E-03
-5.70365E-03,-86.19347E-03
-5.65365E-03,-54.13317E-03
-5.60365E-03,-73.07789E-03
-5.55365E-03,-54.13317E-03
-5.50365E-03,-124.08291E-03
-5.45365E-03,-30.81658E-03
-5.40365E-03,-113.88191E-03
-5.35365E-03,-30.81658E-03
-5.30365E-03,-90.56533E-03
-5.25365E-03,-118.25377E-03
-5.20365E-03,-86.19347E-03
-5.15365E-03,-99.30904E-03
-5.10365E-03,-30.81658E-03
-5.05365E-03,-128.45477E-03
-5.00365E-03,-147.39950E-03
-4.95365E-03,-30.81658E-03
-4.90365E-03,-113.88191E-03
-4.85365E-03,-126.99749E-03
-4.80365E-03,-137.19849E-03
-4.75365E-03,-103.68090E-03
-4.70365E-03,-30.81658E-03
-4.65365E-03,-54.13317E-03
-4.60365E-03,-11.87186E-03
-4.55365E-03,-86.19347E-03
-4.50365E-03,-99.30904E-03
-4.45365E-03,-54.13317E-03
-4.40365E-03,-54.13317E-03
-4.35365E-03,-54.13317E-03
-4.30365E-03,-54.13317E-03
-4.25365E-03,-137.19849E-03
-4.20365E-03,-62.87688E-03
-4.15365E-03,-49.76131E-03
-4.10365E-03,-103.68090E-03
-4.05365E-03,-39.56030E-03
-4.00365E-03,-122.62563E-03
-3.95365E-03,-118.25377E-03
-3.90365E-03,-62.87688E-03
-3.85365E-03,-11.87186E-03
-3.80365E-03,-99.30904E-03
-3.75365E-03,-77.44975E-03
-3.70365E-03,-75.99246E-03
-3.65365E-03,-67.24874E-03
-3.60365E-03,-81.82161E-03
-3.55365E-03,-86.19347E-03
-3.50365E-03,-100.76633E-03
-3.45365E-03,-124.08291E-03
-3.40365E-03,-124.08291E-03
-3.35365E-03,-90.56533E-03
-3.30365E-03,-26.44472E-03
-3.25365E-03,-126.99749E-03
-3.20365E-03,-86.19347E-03
-3.15365E-03,-132.82663E-03
-3.10365E-03,-54.13317E-03
-3.05365E-03,-30.81658E-03
-3.00365E-03,-141.57035E-03
-2.95365E-03,-109.51005E-03
-2.90365E-03,-67.24874E-03
-2.85365E-03,-90.56533E-03
-2.80365E-03,-30.81658E-03
-2.75365E-03,-62.87688E-03
-2.70365E-03,-24.98744E-03
-2.65365E-03,-71.62060E-03
-2.60365E-03,-58.50502E-03
-2.55365E-03,-62.87688E-03
-2.50365E-03,-81.82161E-03
-2.45365E-03,-43.93216E-03
-2.40365E-03,-124.08291E-03
-2.35365E-03,-81.82161E-03
-2.30365E-03,+5.61558E-03
-2.25365E-03,-109.51005E-03
-2.20365E-03,-86.19347E-03
-2.15365E-03,-62.87688E-03
-2.10365E-03,-113.88191E-03
-2.05365E-03,-71.62060E-03
-2.00365E-03,-26.44472E-03
-1.95365E-03,-24.98744E-03
-1.90365E-03,-67.24874E-03
-1.85365E-03,-43.93216E-03
-1.80365E-03,-90.56533E-03
-1.75365E-03,-54.13317E-03
-1.70365E-03,-141.57035E-03
-1.65365E-03,-103.68090E-03
-1.60365E-03,-81.82161E-03
-1.55365E-03,-67.24874E-03
-1.50365E-03,-90.56533E-03
-1.45365E-03,-62.87688E-03
-1.40365E-03,-86.19347E-03
-1.35365E-03,-132.82663E-03
-1.30365E-03,-35.18844E-03
-1.25365E-03,-90.56533E-03
-1.20365E-03,-30.81658E-03
-1.15365E-03,-71.62060E-03
-1.10365E-03,-7.50000E-03
-1.05365E-03,-90.56533E-03
-1.00365E-03,-35.18844E-03
-953.65E-06,-113.88191E-03
-903.65E-06,-118.25377E-03
-853.65E-06,-86.19347E-03
-803.65E-06,-94.93718E-03
-753.65E-06,-30.81658E-03
-703.65E-06,-16.24372E-03
-653.65E-06,-43.93216E-03
-603.65E-06,-26.44472E-03
-553.65E-06,-30.81658E-03
-503.65E-06,-30.81658E-03
-453.65E-06,-94.93718E-03
-403.65E-06,-30.81658E-03
-353.65E-06,-58.50502E-03
-303.65E-06,-109.51005E-03
-253.65E-06,+9.98744E-03
-203.65E-06,-75.99246E-03
-153.65E-06,-94.93718E-03
-103.65E-06,-7.50000E-03
-53.65E-06,-62.87688E-03
-3.65E-06,-30.81658E-03
+46.35E-06,+528.78140E-03
+96.35E-06,+654.10803E-03
+146.35E-06,+761.94723E-03
+196.35E-06,+804.20853E-03
+246.35E-06,+882.90200E-03
+296.35E-06,+942.65074E-03
+346.35E-06,+919.33416E-03
+396.35E-06,+761.94723E-03
+446.35E-06,+836.26884E-03
+496.35E-06,+691.99748E-03
+546.35E-06,+453.00251E-03
+596.35E-06,+318.93216E-03
+646.35E-06,+155.71608E-03
+696.35E-06,+47.87688E-03
+746.35E-06,-35.18844E-03
+796.35E-06,-128.45477E-03
+846.35E-06,-207.14824E-03
+896.35E-06,-227.55025E-03
+946.35E-06,-328.10301E-03
+996.35E-06,-403.88191E-03
+1.04635E-03,-296.04271E-03
+1.09635E-03,-342.67588E-03
+1.14635E-03,-202.77638E-03
+1.19635E-03,-77.44975E-03
+1.24635E-03,+1.24372E-03
+1.29635E-03,+192.14824E-03
+1.34635E-03,+272.29899E-03
+1.39635E-03,+495.26381E-03
+1.44635E-03,+575.41457E-03
+1.49635E-03,+668.68090E-03
+1.54635E-03,+616.21859E-03
+1.59635E-03,+658.47989E-03
+1.64635E-03,+639.53517E-03
+1.69635E-03,+645.36431E-03
+1.74635E-03,+569.58542E-03
+1.79635E-03,+541.89698E-03
+1.84635E-03,+406.36934E-03
+1.89635E-03,+318.93216E-03
+1.94635E-03,+202.34924E-03
+1.99635E-03,+122.19849E-03
+2.04635E-03,+5.61558E-03
+2.09635E-03,-43.93216E-03
+2.14635E-03,-62.87688E-03
+2.19635E-03,-156.14321E-03
+2.24635E-03,-160.51507E-03
+2.29635E-03,-226.09296E-03
+2.34635E-03,-156.14321E-03
+2.39635E-03,-215.89196E-03
+2.44635E-03,-30.81658E-03
+2.49635E-03,+15.81658E-03
+2.54635E-03,+94.51005E-03
+2.59635E-03,+145.51507E-03
+2.64635E-03,+266.46985E-03
+2.69635E-03,+285.41457E-03
+2.74635E-03,+420.94221E-03
+2.79635E-03,+439.88693E-03
+2.84635E-03,+490.89195E-03
+2.89635E-03,+556.46984E-03
+2.94635E-03,+592.90200E-03
+2.99635E-03,+499.63567E-03
+3.04635E-03,+508.37939E-03
+3.09635E-03,+375.76633E-03
+3.14635E-03,+410.74120E-03
+3.19635E-03,+401.99748E-03
+3.24635E-03,+295.61557E-03
+3.29635E-03,+155.71608E-03
+3.34635E-03,+168.83166E-03
+3.39635E-03,+34.76131E-03
+3.44635E-03,-39.56030E-03
+3.49635E-03,-86.19347E-03
+3.54635E-03,-90.56533E-03
+3.59635E-03,-132.82663E-03
+3.64635E-03,-62.87688E-03
+3.69635E-03,-100.76633E-03
+3.74635E-03,-103.68090E-03
+3.79635E-03,+14.35930E-03
+3.84635E-03,-20.61558E-03
+3.89635E-03,+135.31407E-03
+3.94635E-03,+183.40452E-03
+3.99635E-03,+155.71608E-03
+4.04635E-03,+275.21356E-03
+4.09635E-03,+295.61557E-03
+4.14635E-03,+383.05276E-03
+4.19635E-03,+369.93718E-03
+4.24635E-03,+439.88693E-03
+4.29635E-03,+365.56532E-03
+4.34635E-03,+420.94221E-03
+4.39635E-03,+420.94221E-03
+4.44635E-03,+327.67588E-03
+4.49635E-03,+259.18341E-03
+4.54635E-03,+257.72613E-03
+4.59635E-03,+149.88693E-03
+4.64635E-03,+164.45980E-03
+4.69635E-03,+107.62563E-03
+4.74635E-03,+47.87688E-03
+4.79635E-03,+71.19347E-03
+4.84635E-03,+20.18844E-03
+4.89635E-03,+20.18844E-03
+4.94635E-03,-62.87688E-03
+4.99635E-03,+9.98744E-03
+5.04635E-03,-48.30402E-03
+5.09635E-03,+75.56533E-03
+5.14635E-03,-3.12814E-03
+5.19635E-03,+94.51005E-03
+5.24635E-03,+136.77136E-03
+5.29635E-03,+151.34422E-03
+5.34635E-03,+211.09296E-03
+5.39635E-03,+230.03769E-03
+5.44635E-03,+206.72110E-03
+5.49635E-03,+267.92713E-03
+5.54635E-03,+336.41959E-03
+5.59635E-03,+272.29899E-03
+5.64635E-03,+285.41457E-03
+5.69635E-03,+321.84673E-03
+5.74635E-03,+323.30402E-03
+5.79635E-03,+257.72613E-03
+5.84635E-03,+234.40955E-03
+5.89635E-03,+151.34422E-03
+5.94635E-03,+141.14321E-03
+5.99635E-03,+154.25879E-03
+6.04635E-03,+58.07789E-03
+6.09635E-03,+71.19347E-03
+6.14635E-03,-11.87186E-03
+6.19635E-03,+56.62060E-03
+6.24635E-03,-33.73116E-03
+6.29635E-03,-16.24372E-03
+6.34635E-03,+62.44975E-03
+6.39635E-03,+28.93216E-03
+6.44635E-03,+75.56533E-03
+6.49635E-03,+62.44975E-03
+6.54635E-03,+94.51005E-03
+6.59635E-03,+56.62060E-03
+6.64635E-03,+224.20854E-03
+6.69635E-03,+224.20854E-03
+6.74635E-03,+168.83166E-03
+6.79635E-03,+262.09799E-03
+6.84635E-03,+168.83166E-03
+6.89635E-03,+321.84673E-03
+6.94635E-03,+238.78140E-03
+6.99635E-03,+206.72110E-03
+7.04635E-03,+234.40955E-03
+7.09635E-03,+202.34924E-03
+7.14635E-03,+266.46985E-03
+7.19635E-03,+211.09296E-03
+7.24635E-03,+122.19849E-03
+7.29635E-03,+158.63065E-03
+7.34635E-03,+79.93719E-03
+7.39635E-03,+122.19849E-03
+7.44635E-03,+109.08291E-03
+7.49635E-03,+56.62060E-03
+7.54635E-03,+15.81658E-03
+7.59635E-03,+11.44472E-03
+7.64635E-03,+56.62060E-03
+7.69635E-03,-7.50000E-03
+7.74635E-03,+109.08291E-03
+7.79635E-03,+103.25377E-03
+7.84635E-03,+94.51005E-03
+7.89635E-03,+158.63065E-03
+7.94635E-03,+155.71608E-03
+7.99635E-03,+122.19849E-03
+8.04635E-03,+149.88693E-03
+8.09635E-03,+126.57035E-03
+8.14635E-03,+145.51507E-03
+8.19635E-03,+202.34924E-03
+8.24635E-03,+173.20352E-03
+8.29635E-03,+142.60050E-03
+8.34635E-03,+160.08794E-03
+8.39635E-03,+206.72110E-03
+8.44635E-03,+141.14321E-03
+8.49635E-03,+109.08291E-03
+8.54635E-03,+173.20352E-03
+8.59635E-03,+155.71608E-03
+8.64635E-03,+43.50502E-03
+8.69635E-03,+85.76633E-03
+8.74635E-03,+75.56533E-03
+8.79635E-03,+90.13819E-03
+8.84635E-03,+71.19347E-03
+8.89635E-03,-20.61558E-03
+8.94635E-03,+34.76131E-03
+8.99635E-03,+88.68090E-03
+9.04635E-03,+98.88191E-03
+9.09635E-03,+103.25377E-03
+9.14635E-03,+43.50502E-03
+9.19635E-03,+33.30402E-03
+9.24635E-03,+107.62563E-03
+9.29635E-03,+94.51005E-03
+9.34635E-03,+113.45477E-03
+9.39635E-03,+117.82663E-03
+9.44635E-03,+181.94723E-03
+9.49635E-03,+219.83668E-03
+9.54635E-03,+215.46482E-03
+9.59635E-03,+202.34924E-03
+9.64635E-03,+117.82663E-03
+9.69635E-03,+132.39950E-03
+9.74635E-03,+136.77136E-03
+9.79635E-03,+196.52010E-03
+9.84635E-03,+181.94723E-03
+9.89635E-03,+85.76633E-03
+9.94635E-03,+85.76633E-03
+9.99635E-03,+58.07789E-03
+10.04635E-03,+52.24874E-03
+10.09635E-03,+120.74120E-03
+10.14635E-03,+39.13317E-03
+10.19635E-03,+9.98744E-03
+10.24635E-03,+47.87688E-03
+10.29635E-03,+122.19849E-03
+10.34635E-03,+15.81658E-03
+10.39635E-03,+1.24372E-03
+10.44635E-03,+43.50502E-03
+10.49635E-03,+90.13819E-03
+10.54635E-03,+39.13317E-03
+10.59635E-03,+71.19347E-03
+10.64635E-03,+58.07789E-03
+10.69635E-03,+132.39950E-03
+10.74635E-03,+117.82663E-03
+10.79635E-03,+177.57538E-03
+10.84635E-03,+94.51005E-03
+10.89635E-03,+104.71105E-03
+10.94635E-03,+122.19849E-03
+10.99635E-03,+160.08794E-03
+11.04635E-03,+126.57035E-03
+11.09635E-03,+79.93719E-03
+11.14635E-03,+104.71105E-03
+11.19635E-03,+117.82663E-03
+11.24635E-03,+145.51507E-03
+11.29635E-03,+130.94221E-03
+11.34635E-03,+135.31407E-03
+11.39635E-03,+79.93719E-03
+11.44635E-03,+75.56533E-03
+11.49635E-03,+126.57035E-03
+11.54635E-03,+98.88191E-03
+11.59635E-03,+141.14321E-03
+11.64635E-03,+39.13317E-03
+11.69635E-03,+75.56533E-03
+11.74635E-03,+81.39447E-03
+11.79635E-03,+103.25377E-03
+11.84635E-03,+117.82663E-03
+11.89635E-03,+28.93216E-03
+11.94635E-03,+98.88191E-03
+11.99635E-03,+132.39950E-03
+12.04635E-03,+111.99749E-03
+12.09635E-03,+94.51005E-03
+12.14635E-03,+164.45980E-03
+12.19635E-03,+98.88191E-03
+12.24635E-03,+149.88693E-03
+12.29635E-03,+75.56533E-03
+12.34635E-03,+79.93719E-03
+12.39635E-03,+135.31407E-03
+12.44635E-03,+130.94221E-03
+12.49635E-03,+109.08291E-03
+12.54635E-03,+141.14321E-03
+12.59635E-03,+52.24874E-03
+12.64635E-03,+62.44975E-03
+12.69635E-03,+132.39950E-03
+12.74635E-03,+66.82161E-03
+12.79635E-03,+66.82161E-03
+12.84635E-03,+117.82663E-03
+12.89635E-03,+88.68090E-03
+12.94635E-03,+52.24874E-03
+12.99635E-03,+43.50502E-03
+13.04635E-03,+65.36432E-03
+13.09635E-03,+98.88191E-03
+13.14635E-03,+94.51005E-03
+13.19635E-03,+28.93216E-03
+13.24635E-03,+113.45477E-03
+13.29635E-03,+33.30402E-03
+13.34635E-03,+149.88693E-03
+13.39635E-03,+132.39950E-03
+13.44635E-03,+28.93216E-03
+13.49635E-03,+66.82161E-03
+13.54635E-03,+71.19347E-03
+13.59635E-03,+130.94221E-03
+13.64635E-03,+33.30402E-03
+13.69635E-03,+43.50502E-03
+13.74635E-03,+75.56533E-03
+13.79635E-03,+56.62060E-03
+13.84635E-03,+33.30402E-03
+13.89635E-03,+122.19849E-03
+13.94635E-03,+43.50502E-03
+13.99635E-03,+33.30402E-03
+14.04635E-03,+75.56533E-03
+14.09635E-03,+33.30402E-03
+14.14635E-03,+56.62060E-03
+14.19635E-03,+34.76131E-03
+14.24635E-03,+111.99749E-03
+14.29635E-03,+11.44472E-03
+14.34635E-03,-3.12814E-03
+14.39635E-03,+66.82161E-03
+14.44635E-03,+85.76633E-03
+14.49635E-03,+75.56533E-03
+14.54635E-03,+94.51005E-03
+14.59635E-03,+111.99749E-03
+14.64635E-03,+43.50502E-03
+14.69635E-03,+11.44472E-03
+14.74635E-03,+28.93216E-03
+14.79635E-03,+94.51005E-03
+14.84635E-03,+88.68090E-03
+14.89635E-03,+109.08291E-03
+14.94635E-03,+103.25377E-03
+14.99635E-03,+58.07789E-03
+15.04635E-03,+98.88191E-03
+15.09635E-03,+117.82663E-03
+15.14635E-03,+85.76633E-03
+15.19635E-03,+65.36432E-03
+15.24635E-03,+132.39950E-03
+15.29635E-03,+71.19347E-03
+15.34635E-03,+90.13819E-03
+15.39635E-03,+43.50502E-03
+15.44635E-03,+88.68090E-03
+15.49635E-03,+24.56030E-03
+15.54635E-03,+103.25377E-03
+15.59635E-03,+47.87688E-03
+15.64635E-03,+79.93719E-03
+15.69635E-03,+47.87688E-03
+15.74635E-03,+5.61558E-03
+15.79635E-03,+66.82161E-03
+15.84635E-03,+90.13819E-03
+15.89635E-03,+15.81658E-03
+15.94635E-03,+94.51005E-03
+15.99635E-03,+43.50502E-03
+16.04635E-03,+94.51005E-03
+16.09635E-03,+122.19849E-03
+16.14635E-03,+126.57035E-03
+16.19635E-03,+79.93719E-03
+16.24635E-03,+98.88191E-03
+16.29635E-03,+107.62563E-03
+16.34635E-03,+113.45477E-03
+16.39635E-03,+90.13819E-03
+16.44635E-03,+103.25377E-03
+16.49635E-03,+75.56533E-03
+16.54635E-03,+94.51005E-03
+16.59635E-03,+11.44472E-03
+16.64635E-03,+33.30402E-03
+16.69635E-03,+88.68090E-03
+16.74635E-03,+88.68090E-03
+16.79635E-03,+90.13819E-03
+16.84635E-03,+20.18844E-03
+16.89635E-03,+109.08291E-03
+16.94635E-03,+20.18844E-03
+16.99635E-03,+117.82663E-03
+17.04635E-03,+52.24874E-03
+17.09635E-03,+33.30402E-03
+17.14635E-03,+28.93216E-03
+17.19635E-03,-3.12814E-03
+17.24635E-03,+20.18844E-03
+17.29635E-03,+42.04774E-03
+17.34635E-03,-3.12814E-03
+17.39635E-03,+24.56030E-03
+17.44635E-03,+24.56030E-03
+17.49635E-03,+71.19347E-03
+17.54635E-03,+56.62060E-03
+17.59635E-03,-20.61558E-03
+17.64635E-03,+52.24874E-03
+17.69635E-03,+109.08291E-03
+17.74635E-03,+28.93216E-03
+17.79635E-03,+33.30402E-03
+17.84635E-03,+107.62563E-03
+17.89635E-03,+132.39950E-03
+17.94635E-03,+34.76131E-03
+17.99635E-03,-43.93216E-03
+18.04635E-03,+90.13819E-03
+18.09635E-03,+103.25377E-03
+18.14635E-03,+94.51005E-03
+18.19635E-03,+11.44472E-03
+18.24635E-03,+62.44975E-03
+18.29635E-03,+15.81658E-03
+18.34635E-03,+33.30402E-03
+18.39635E-03,-3.12814E-03
+18.44635E-03,-7.50000E-03
+18.49635E-03,+15.81658E-03
+18.54635E-03,+28.93216E-03
+18.59635E-03,+15.81658E-03
+18.64635E-03,+94.51005E-03
+18.69635E-03,+56.62060E-03
+18.74635E-03,+94.51005E-03
+18.79635E-03,+107.62563E-03
+18.84635E-03,+43.50502E-03
+18.89635E-03,+58.07789E-03
+18.94635E-03,+90.13819E-03
+18.99635E-03,+56.62060E-03
+19.04635E-03,+39.13317E-03
+19.09635E-03,+66.82161E-03
+19.14635E-03,+94.51005E-03
+19.19635E-03,+84.30904E-03
+19.24635E-03,+56.62060E-03
+19.29635E-03,+79.93719E-03
+19.34635E-03,-7.50000E-03
+19.39635E-03,+98.88191E-03
+19.44635E-03,+122.19849E-03
+19.49635E-03,+79.93719E-03
+19.54635E-03,+11.44472E-03
+19.59635E-03,+52.24874E-03
+19.64635E-03,+15.81658E-03
+19.69635E-03,+90.13819E-03
+19.74635E-03,+94.51005E-03
+19.79635E-03,+52.24874E-03
+19.84635E-03,+75.56533E-03
+19.89635E-03,+122.19849E-03
+19.94635E-03,+47.87688E-03
+19.99635E-03,+28.93216E-03
+20.04635E-03,+33.30402E-03
+20.09635E-03,+1.24372E-03
+20.14635E-03,-7.50000E-03
+20.19635E-03,-10.41457E-03
+20.24635E-03,+85.76633E-03
+20.29635E-03,+84.30904E-03
+20.34635E-03,+90.13819E-03
+20.39635E-03,-10.41457E-03
+20.44635E-03,+90.13819E-03
+20.49635E-03,-7.50000E-03
+20.54635E-03,+88.68090E-03
+20.59635E-03,+9.98744E-03
+20.64635E-03,-24.98744E-03
+20.69635E-03,+85.76633E-03
+20.74635E-03,-16.24372E-03
+20.79635E-03,+15.81658E-03
+20.84635E-03,-3.12814E-03
+20.89635E-03,+24.56030E-03
+20.94635E-03,+75.56533E-03
+20.99635E-03,+42.04774E-03
+21.04635E-03,+33.30402E-03
+21.09635E-03,+79.93719E-03
+21.14635E-03,-30.81658E-03
+21.19635E-03,+43.50502E-03
+21.24635E-03,+71.19347E-03
+21.29635E-03,+15.81658E-03
+21.34635E-03,+20.18844E-03
+21.39635E-03,+71.19347E-03
+21.44635E-03,+28.93216E-03
+21.49635E-03,+74.10804E-03
+21.54635E-03,+65.36432E-03
+21.59635E-03,-7.50000E-03
+21.64635E-03,+56.62060E-03
+21.69635E-03,+85.76633E-03
+21.74635E-03,+24.56030E-03
+21.79635E-03,+66.82161E-03
+21.84635E-03,+66.82161E-03
+21.89635E-03,+52.24874E-03
+21.94635E-03,-11.87186E-03
+21.99635E-03,+84.30904E-03
+22.04635E-03,-7.50000E-03
+22.09635E-03,-3.12814E-03
+22.14635E-03,+65.36432E-03
+22.19635E-03,+24.56030E-03
+22.24635E-03,+98.88191E-03
+22.29635E-03,+88.68090E-03
+22.34635E-03,+52.24874E-03
+22.39635E-03,-39.56030E-03
+22.44635E-03,+56.62060E-03
+22.49635E-03,+11.44472E-03
+22.54635E-03,+9.98744E-03
+22.59635E-03,-7.50000E-03
+22.64635E-03,+20.18844E-03
+22.69635E-03,-24.98744E-03
+22.74635E-03,+5.61558E-03
+22.79635E-03,-24.98744E-03
+22.84635E-03,+47.87688E-03
+22.89635E-03,+71.19347E-03
+22.94635E-03,+33.30402E-03
+22.99635E-03,+65.36432E-03
+23.04635E-03,+62.44975E-03
+23.09635E-03,+62.44975E-03
+23.14635E-03,+5.61558E-03
+23.19635E-03,+122.19849E-03
+23.24635E-03,+33.30402E-03
+23.29635E-03,+28.93216E-03
+23.34635E-03,+62.44975E-03
+23.39635E-03,+28.93216E-03
+23.44635E-03,+24.56030E-03
+23.49635E-03,-24.98744E-03
+23.54635E-03,-16.24372E-03
+23.59635E-03,+39.13317E-03
+23.64635E-03,-10.41457E-03
+23.69635E-03,+37.67588E-03
+23.74635E-03,-7.50000E-03
+23.79635E-03,+103.25377E-03
+23.84635E-03,+47.87688E-03
+23.89635E-03,+47.87688E-03
+23.94635E-03,-30.81658E-03
+23.99635E-03,+1.24372E-03
+24.04635E-03,-24.98744E-03
+24.09635E-03,+5.61558E-03
+24.14635E-03,+1.24372E-03
+24.19635E-03,+33.30402E-03
+24.24635E-03,+71.19347E-03
+24.29635E-03,+88.68090E-03
+24.34635E-03,-48.30402E-03
+24.39635E-03,+65.36432E-03
+24.44635E-03,-43.93216E-03
+24.49635E-03,-35.18844E-03
+24.54635E-03,+66.82161E-03
+24.59635E-03,+33.30402E-03
+24.64635E-03,+34.76131E-03
+24.69635E-03,-43.93216E-03
+24.74635E-03,+60.99246E-03
+24.79635E-03,+62.44975E-03
+24.84635E-03,+5.61558E-03
+24.89635E-03,+52.24874E-03
+24.94635E-03,-10.41457E-03
+24.99635E-03,-175.08794E-03
+25.04635E-03,-497.14824E-03
+25.09635E-03,-679.30904E-03
+25.14635E-03,-762.37436E-03
+25.19635E-03,-836.69597E-03
+25.24635E-03,-986.79647E-03
+25.29635E-03,-976.59547E-03
+25.34635E-03,-889.15828E-03
+25.39635E-03,-892.07285E-03
+25.44635E-03,-795.89195E-03
+25.49635E-03,-631.21859E-03
+25.54635E-03,-546.69597E-03
+25.59635E-03,-347.04773E-03
+25.64635E-03,-151.77136E-03
+25.69635E-03,-11.87186E-03
+25.74635E-03,+11.44472E-03
+25.79635E-03,+174.66080E-03
+25.84635E-03,+289.78643E-03
+25.89635E-03,+281.04271E-03
+25.94635E-03,+359.73618E-03
+25.99635E-03,+272.29899E-03
+26.04635E-03,+289.78643E-03
+26.09635E-03,+275.21356E-03
+26.14635E-03,+117.82663E-03
+26.19635E-03,+18.73116E-03
+26.24635E-03,-164.88693E-03
+26.29635E-03,-211.52010E-03
+26.34635E-03,-314.98743E-03
+26.39635E-03,-476.74623E-03
+26.44635E-03,-510.26381E-03
+26.49635E-03,-715.74120E-03
+26.54635E-03,-730.31406E-03
+26.59635E-03,-664.73617E-03
+26.64635E-03,-706.99748E-03
+26.69635E-03,-677.85175E-03
+26.74635E-03,-632.67587E-03
+26.79635E-03,-660.36431E-03
+26.84635E-03,-510.26381E-03
+26.89635E-03,-357.24874E-03
+26.94635E-03,-304.78643E-03
+26.99635E-03,-188.20352E-03
+27.04635E-03,-81.82161E-03
+27.09635E-03,-19.15829E-03
+27.14635E-03,+109.08291E-03
+27.19635E-03,+136.77136E-03
+27.24635E-03,+225.66583E-03
+27.29635E-03,+149.88693E-03
+27.34635E-03,+168.83166E-03
+27.39635E-03,+173.20352E-03
+27.44635E-03,+15.81658E-03
+27.49635E-03,+9.98744E-03
+27.54635E-03,-35.18844E-03
+27.59635E-03,-100.76633E-03
+27.64635E-03,-240.66583E-03
+27.69635E-03,-300.41457E-03
+27.74635E-03,-365.99246E-03
+27.79635E-03,-463.63065E-03
+27.84635E-03,-548.15326E-03
+27.89635E-03,-486.94723E-03
+27.94635E-03,-594.78643E-03
+27.99635E-03,-533.58040E-03
+28.04635E-03,-520.46482E-03
+28.09635E-03,-505.89195E-03
+28.14635E-03,-435.94221E-03
+28.19635E-03,-329.56030E-03
+28.24635E-03,-336.84673E-03
+28.29635E-03,-234.83668E-03
+28.34635E-03,-81.82161E-03
+28.39635E-03,-103.68090E-03
+28.44635E-03,+42.04774E-03
+28.49635E-03,+66.82161E-03
+28.54635E-03,+15.81658E-03
+28.59635E-03,+84.30904E-03
+28.64635E-03,+126.57035E-03
+28.69635E-03,+71.19347E-03
+28.74635E-03,+24.56030E-03
+28.79635E-03,-26.44472E-03
+28.84635E-03,-11.87186E-03
+28.89635E-03,-156.14321E-03
+28.94635E-03,-183.83166E-03
+28.99635E-03,-217.34924E-03
+29.04635E-03,-374.73618E-03
+29.09635E-03,-323.73115E-03
+29.14635E-03,-370.36432E-03
+29.19635E-03,-389.30904E-03
+29.24635E-03,-427.19849E-03
+29.29635E-03,-398.05276E-03
+29.34635E-03,-380.56532E-03
+29.39635E-03,-427.19849E-03
+29.44635E-03,-389.30904E-03
+29.49635E-03,-268.35427E-03
+29.54635E-03,-234.83668E-03
+29.59635E-03,-253.78140E-03
+29.64635E-03,-170.71608E-03
+29.69635E-03,-160.51507E-03
+29.74635E-03,-77.44975E-03
+29.79635E-03,-43.93216E-03
+29.84635E-03,-33.73116E-03
+29.89635E-03,+52.24874E-03
+29.94635E-03,+39.13317E-03
+29.99635E-03,-4.58543E-03
+30.04635E-03,-11.87186E-03
+30.09635E-03,-71.62060E-03
+30.14635E-03,-30.81658E-03
+30.19635E-03,-164.88693E-03
+30.24635E-03,-147.39950E-03
+30.29635E-03,-137.19849E-03
+30.34635E-03,-281.46985E-03
+30.39635E-03,-304.78643E-03
+30.44635E-03,-245.03769E-03
+30.49635E-03,-282.92713E-03
+30.54635E-03,-314.98743E-03
+30.59635E-03,-402.42462E-03
+30.64635E-03,-365.99246E-03
+30.69635E-03,-338.30402E-03
+30.74635E-03,-287.29899E-03
+30.79635E-03,-258.15326E-03
+30.84635E-03,-296.04271E-03
+30.89635E-03,-202.77638E-03
+30.94635E-03,-147.39950E-03
+30.99635E-03,-211.52010E-03
+31.04635E-03,-188.20352E-03
+31.09635E-03,-124.08291E-03
+31.14635E-03,-62.87688E-03
+31.19635E-03,-20.61558E-03
+31.24635E-03,-100.76633E-03
+31.29635E-03,-3.12814E-03
+31.34635E-03,-11.87186E-03
+31.39635E-03,-58.50502E-03
+31.44635E-03,-54.13317E-03
+31.49635E-03,-90.56533E-03
+31.54635E-03,-90.56533E-03
+31.59635E-03,-183.83166E-03
+31.64635E-03,-234.83668E-03
+31.69635E-03,-175.08794E-03
+31.74635E-03,-198.40452E-03
+31.79635E-03,-291.67085E-03
+31.84635E-03,-266.89698E-03
+31.89635E-03,-258.15326E-03
+31.94635E-03,-310.61557E-03
+31.99635E-03,-268.35427E-03
+32.04635E-03,-304.78643E-03
+32.09635E-03,-234.83668E-03
+32.14635E-03,-198.40452E-03
+32.19635E-03,-194.03266E-03
+32.24635E-03,-156.14321E-03
+32.29635E-03,-118.25377E-03
+32.34635E-03,-147.39950E-03
+32.39635E-03,-90.56533E-03
+32.44635E-03,-62.87688E-03
+32.49635E-03,-43.93216E-03
+32.54635E-03,-11.87186E-03
+32.59635E-03,-126.99749E-03
+32.64635E-03,-67.24874E-03
+32.69635E-03,-43.93216E-03
+32.74635E-03,-39.56030E-03
+32.79635E-03,-94.93718E-03
+32.84635E-03,-132.82663E-03
+32.89635E-03,-156.14321E-03
+32.94635E-03,-196.94723E-03
+32.99635E-03,-147.39950E-03
+33.04635E-03,-196.94723E-03
+33.09635E-03,-230.46482E-03
+33.14635E-03,-249.40954E-03
+33.19635E-03,-189.66080E-03
+33.24635E-03,-202.77638E-03
+33.29635E-03,-207.14824E-03
+33.34635E-03,-207.14824E-03
+33.39635E-03,-249.40954E-03
+33.44635E-03,-221.72110E-03
+33.49635E-03,-183.83166E-03
+33.54635E-03,-160.51507E-03
+33.59635E-03,-128.45477E-03
+33.64635E-03,-156.14321E-03
+33.69635E-03,-77.44975E-03
+33.74635E-03,-73.07789E-03
+33.79635E-03,-137.19849E-03
+33.84635E-03,-30.81658E-03
+33.89635E-03,-141.57035E-03
+33.94635E-03,-122.62563E-03
+33.99635E-03,-141.57035E-03
+34.04635E-03,-77.44975E-03
+34.09635E-03,-141.57035E-03
+34.14635E-03,-150.31407E-03
+34.19635E-03,-188.20352E-03
+34.24635E-03,-81.82161E-03
+34.29635E-03,-118.25377E-03
+34.34635E-03,-179.45980E-03
+34.39635E-03,-141.57035E-03
+34.44635E-03,-170.71608E-03
+34.49635E-03,-160.51507E-03
+34.54635E-03,-258.15326E-03
+34.59635E-03,-170.71608E-03
+34.64635E-03,-207.14824E-03
+34.69635E-03,-147.39950E-03
+34.74635E-03,-134.28392E-03
+34.79635E-03,-147.39950E-03
+34.84635E-03,-198.40452E-03
+34.89635E-03,-119.71105E-03
+34.94635E-03,-132.82663E-03
+34.99635E-03,-147.39950E-03
+35.04635E-03,-164.88693E-03
+35.09635E-03,-81.82161E-03
+35.14635E-03,-58.50502E-03
+35.19635E-03,-132.82663E-03
+35.24635E-03,-132.82663E-03
+35.29635E-03,-90.56533E-03
+35.34635E-03,-43.93216E-03
+35.39635E-03,-109.51005E-03
+35.44635E-03,-147.39950E-03
+35.49635E-03,-145.94221E-03
+35.54635E-03,-170.71608E-03
+35.59635E-03,-113.88191E-03
+35.64635E-03,-119.71105E-03
+35.69635E-03,-198.40452E-03
+35.74635E-03,-160.51507E-03
+35.79635E-03,-192.57537E-03
+35.84635E-03,-202.77638E-03
+35.89635E-03,-198.40452E-03
+35.94635E-03,-156.14321E-03
+35.99635E-03,-196.94723E-03
+36.04635E-03,-170.71608E-03
+36.09635E-03,-164.88693E-03
+36.14635E-03,-143.02764E-03
+36.19635E-03,-192.57537E-03
+36.24635E-03,-109.51005E-03
+36.29635E-03,-141.57035E-03
+36.34635E-03,-128.45477E-03
+36.39635E-03,-113.88191E-03
+36.44635E-03,-103.68090E-03
+36.49635E-03,-90.56533E-03
+36.54635E-03,-48.30402E-03
+36.59635E-03,-90.56533E-03
+36.64635E-03,-43.93216E-03
+36.69635E-03,-109.51005E-03
+36.74635E-03,-48.30402E-03
+36.79635E-03,-62.87688E-03
+36.84635E-03,-90.56533E-03
+36.89635E-03,-109.51005E-03
+36.94635E-03,-71.62060E-03
+36.99635E-03,-86.19347E-03
+37.04635E-03,-132.82663E-03
+37.09635E-03,-175.08794E-03
+37.14635E-03,-164.88693E-03
+37.19635E-03,-119.71105E-03
+37.24635E-03,-156.14321E-03
+37.29635E-03,-217.34924E-03
+37.34635E-03,-67.24874E-03
+37.39635E-03,-202.77638E-03
+37.44635E-03,-100.76633E-03
+37.49635E-03,-188.20352E-03
+37.54635E-03,-124.08291E-03
+37.59635E-03,-71.62060E-03
+37.64635E-03,-94.93718E-03
+37.69635E-03,-94.93718E-03
+37.74635E-03,-86.19347E-03
+37.79635E-03,-94.93718E-03
+37.84635E-03,-145.94221E-03
+37.89635E-03,-43.93216E-03
+37.94635E-03,-86.19347E-03
+37.99635E-03,-54.13317E-03
+38.04635E-03,-73.07789E-03
+38.09635E-03,-94.93718E-03
+38.14635E-03,-137.19849E-03
+38.19635E-03,-100.76633E-03
+38.24635E-03,-170.71608E-03
+38.29635E-03,-188.20352E-03
+38.34635E-03,-145.94221E-03
+38.39635E-03,-137.19849E-03
+38.44635E-03,-132.82663E-03
+38.49635E-03,-164.88693E-03
+38.54635E-03,-109.51005E-03
+38.59635E-03,-179.45980E-03
+38.64635E-03,-109.51005E-03
+38.69635E-03,-188.20352E-03
+38.74635E-03,-81.82161E-03
+38.79635E-03,-126.99749E-03
+38.84635E-03,-90.56533E-03
+38.89635E-03,-145.94221E-03
+38.94635E-03,-58.50502E-03
+38.99635E-03,-151.77136E-03
+39.04635E-03,-113.88191E-03
+39.09635E-03,-73.07789E-03
+39.14635E-03,-73.07789E-03
+39.19635E-03,-86.19347E-03
+39.24635E-03,-132.82663E-03
+39.29635E-03,-71.62060E-03
+39.34635E-03,-137.19849E-03
+39.39635E-03,-128.45477E-03
+39.44635E-03,-100.76633E-03
+39.49635E-03,-54.13317E-03
+39.54635E-03,-39.56030E-03
+39.59635E-03,-71.62060E-03
+39.64635E-03,-126.99749E-03
+39.69635E-03,-43.93216E-03
+39.74635E-03,-113.88191E-03
+39.79635E-03,-81.82161E-03
+39.84635E-03,-96.39447E-03
+39.89635E-03,-164.88693E-03
+39.94635E-03,-137.19849E-03
+39.99635E-03,-109.51005E-03
+40.04635E-03,-150.31407E-03
+40.09635E-03,-183.83166E-03
+40.14635E-03,-96.39447E-03
+40.19635E-03,-96.39447E-03
+40.24635E-03,-128.45477E-03
+40.29635E-03,-160.51507E-03
+40.34635E-03,-39.56030E-03
+40.39635E-03,-135.74120E-03
+40.44635E-03,-118.25377E-03
+40.49635E-03,-49.76131E-03
+40.54635E-03,-43.93216E-03
+40.59635E-03,-73.07789E-03
+40.64635E-03,-147.39950E-03
+40.69635E-03,-73.07789E-03
+40.74635E-03,-90.56533E-03
+40.79635E-03,-90.56533E-03
+40.84635E-03,-35.18844E-03
+40.89635E-03,-147.39950E-03
+40.94635E-03,-54.13317E-03
+40.99635E-03,-77.44975E-03
+41.04635E-03,-137.19849E-03
+41.09635E-03,-147.39950E-03
+41.14635E-03,-150.31407E-03
+41.19635E-03,-86.19347E-03
+41.24635E-03,-137.19849E-03
+41.29635E-03,-105.13819E-03
+41.34635E-03,-77.44975E-03
+41.39635E-03,-54.13317E-03
+41.44635E-03,-147.39950E-03
+41.49635E-03,-141.57035E-03
+41.54635E-03,-151.77136E-03
+41.59635E-03,-73.07789E-03
+41.64635E-03,-113.88191E-03
+41.69635E-03,-81.82161E-03
+41.74635E-03,-49.76131E-03
+41.79635E-03,-94.93718E-03
+41.84635E-03,-30.81658E-03
+41.89635E-03,-77.44975E-03
+41.94635E-03,-62.87688E-03
+41.99635E-03,-103.68090E-03
+42.04635E-03,-49.76131E-03
+42.09635E-03,-109.51005E-03
+42.14635E-03,-86.19347E-03
+42.19635E-03,-113.88191E-03
+42.24635E-03,-109.51005E-03
+42.29635E-03,-105.13819E-03
+42.34635E-03,-54.13317E-03
+42.39635E-03,-90.56533E-03
+42.44635E-03,-100.76633E-03
+42.49635E-03,-109.51005E-03
+42.54635E-03,-54.13317E-03
+42.59635E-03,-128.45477E-03
+42.64635E-03,-16.24372E-03
+42.69635E-03,-122.62563E-03
+42.74635E-03,-150.31407E-03
+42.79635E-03,-35.18844E-03
+42.84635E-03,-145.94221E-03
+42.89635E-03,-54.13317E-03
+42.94635E-03,-132.82663E-03
+42.99635E-03,-103.68090E-03
+43.04635E-03,-30.81658E-03
+43.09635E-03,-118.25377E-03
+43.14635E-03,-43.93216E-03
+43.19635E-03,-90.56533E-03
+43.24635E-03,-103.68090E-03
+43.29635E-03,-54.13317E-03
+43.34635E-03,-113.88191E-03
+43.39635E-03,-124.08291E-03
+43.44635E-03,-67.24874E-03
+43.49635E-03,-58.50502E-03
+43.54635E-03,-141.57035E-03
+43.59635E-03,-118.25377E-03
+43.64635E-03,-86.19347E-03
+43.69635E-03,-141.57035E-03
+43.74635E-03,-71.62060E-03
+43.79635E-03,-67.24874E-03
+43.84635E-03,-86.19347E-03
+43.89635E-03,-48.30402E-03
+43.94635E-03,-73.07789E-03
+43.99635E-03,-48.30402E-03
+44.04635E-03,-30.81658E-03
+44.09635E-03,-90.56533E-03
+44.14635E-03,-81.82161E-03
+44.19635E-03,-58.50502E-03
+44.24635E-03,-30.81658E-03
+44.29635E-03,-132.82663E-03
+44.34635E-03,-49.76131E-03
+44.39635E-03,-126.99749E-03
+44.44635E-03,-30.81658E-03
+44.49635E-03,-49.76131E-03
+44.54635E-03,-49.76131E-03
+44.59635E-03,-90.56533E-03
+44.64635E-03,-124.08291E-03
+44.69635E-03,-90.56533E-03
+44.74635E-03,-71.62060E-03
+44.79635E-03,-81.82161E-03
+44.84635E-03,-24.98744E-03
+44.89635E-03,-48.30402E-03
+44.94635E-03,-103.68090E-03
+44.99635E-03,-94.93718E-03
+45.04635E-03,-90.56533E-03
+45.09635E-03,-54.13317E-03
+45.14635E-03,-43.93216E-03
+45.19635E-03,-124.08291E-03
+45.24635E-03,-141.57035E-03
+45.29635E-03,-77.44975E-03
+45.34635E-03,-62.87688E-03
+45.39635E-03,-39.56030E-03
+45.44635E-03,-132.82663E-03
+45.49635E-03,-24.98744E-03
+45.54635E-03,-99.30904E-03
+45.59635E-03,-30.81658E-03
+45.64635E-03,-77.44975E-03
+45.69635E-03,-150.31407E-03
+45.74635E-03,-124.08291E-03
+45.79635E-03,-43.93216E-03
+45.84635E-03,-43.93216E-03
+45.89635E-03,-67.24874E-03
+45.94635E-03,-49.76131E-03
+45.99635E-03,-86.19347E-03
+46.04635E-03,-109.51005E-03
+46.09635E-03,-7.50000E-03
+46.14635E-03,-62.87688E-03
+46.19635E-03,-90.56533E-03
+46.24635E-03,-90.56533E-03
+46.29635E-03,-113.88191E-03
+46.34635E-03,-49.76131E-03
+46.39635E-03,-80.36432E-03
+46.44635E-03,-30.81658E-03
+46.49635E-03,-24.98744E-03
+46.54635E-03,-86.19347E-03
+46.59635E-03,-118.25377E-03
+46.64635E-03,-86.19347E-03
+46.69635E-03,-43.93216E-03
+46.74635E-03,-105.13819E-03
+46.79635E-03,-103.68090E-03
+46.84635E-03,-103.68090E-03
+46.89635E-03,-71.62060E-03
+46.94635E-03,-54.13317E-03
+46.99635E-03,-118.25377E-03
+47.04635E-03,-67.24874E-03
+47.09635E-03,-35.18844E-03
+47.14635E-03,-99.30904E-03
+47.19635E-03,-105.13819E-03
+47.24635E-03,-100.76633E-03
+47.29635E-03,-35.18844E-03
+47.34635E-03,-43.93216E-03
+47.39635E-03,-118.25377E-03
+47.44635E-03,-90.56533E-03
+47.49635E-03,-30.81658E-03
+47.54635E-03,-100.76633E-03
+47.59635E-03,-30.81658E-03
+47.64635E-03,-54.13317E-03
+47.69635E-03,-11.87186E-03
+47.74635E-03,-67.24874E-03
+47.79635E-03,-103.68090E-03
+47.84635E-03,-24.98744E-03
+47.89635E-03,-118.25377E-03
+47.94635E-03,-141.57035E-03
+47.99635E-03,-43.93216E-03
+48.04635E-03,-43.93216E-03
+48.09635E-03,-49.76131E-03
+48.14635E-03,-90.56533E-03
+48.19635E-03,-77.44975E-03
+48.24635E-03,-81.82161E-03
+48.29635E-03,-118.25377E-03
+48.34635E-03,-48.30402E-03
+48.39635E-03,-103.68090E-03
+48.44635E-03,-67.24874E-03
+48.49635E-03,-118.25377E-03
+48.54635E-03,-39.56030E-03
+48.59635E-03,-11.87186E-03
+48.64635E-03,-86.19347E-03
+48.69635E-03,-86.19347E-03
+48.74635E-03,-100.76633E-03
+48.79635E-03,-113.88191E-03
+48.84635E-03,-35.18844E-03
+48.89635E-03,-67.24874E-03
+48.94635E-03,-54.13317E-03
+48.99635E-03,-30.81658E-03
+49.04635E-03,-11.87186E-03
+49.09635E-03,-7.50000E-03
+49.14635E-03,-80.36432E-03
+49.19635E-03,-30.81658E-03
+49.24635E-03,-49.76131E-03
+49.29635E-03,-30.81658E-03
+49.34635E-03,-3.12814E-03
+49.39635E-03,-113.88191E-03
+49.44635E-03,-137.19849E-03
+49.49635E-03,-49.76131E-03
+49.54635E-03,-113.88191E-03
+49.59635E-03,-11.87186E-03
+49.64635E-03,-118.25377E-03
+49.69635E-03,-62.87688E-03
+49.74635E-03,-26.44472E-03
+49.79635E-03,-62.87688E-03
+49.84635E-03,-67.24874E-03
+49.89635E-03,-86.19347E-03
+49.94635E-03,-105.13819E-03
+49.99635E-03,+299.98743E-03
+50.04635E-03,+477.77638E-03
+50.09635E-03,+569.58542E-03
+50.14635E-03,+761.94723E-03
+50.19635E-03,+780.89195E-03
+50.24635E-03,+906.21858E-03
+50.29635E-03,+831.89698E-03
+50.34635E-03,+919.33416E-03
+50.39635E-03,+836.26884E-03
+50.44635E-03,+836.26884E-03
