Channel,Counts
0,0
1,0
2,0
3,0
4,0
5,0
6,0
7,0
8,0
9,0
10,0
11,0
12,0
13,0
14,0
15,0
16,0
17,0
18,0
19,0
20,0
21,0
22,0
23,0
24,0
25,0
26,0
27,0
28,0
29,0
30,0
31,0
32,0
33,0
34,0
35,0
36,0
37,0
38,0
39,0
40,0
41,0
42,0
43,0
44,0
45,0
46,0
47,0
48,0
49,0
50,0
51,0
52,2
53,6
54,12
55,16
56,41
57,47
58,64
59,53
60,78
61,61
62,52
63,63
64,56
65,58
66,50
67,57
68,55
69,55
70,43
71,57
72,38
73,52
74,55
75,41
76,56
77,50
78,52
79,50
80,57
81,38
82,44
83,34
84,51
85,46
86,39
87,33
88,34
89,36
90,34
91,35
92,44
93,36
94,33
95,29
96,41
97,39
98,28
99,28
100,38
101,26
102,36
103,42
104,42
105,38
106,29
107,35
108,36
109,28
110,28
111,35
112,36
113,31
114,30
115,47
116,23
117,32
118,29
119,28
120,22
121,35
122,30
123,38
124,34
125,24
126,27
127,24
128,17
129,32
130,28
131,33
132,23
133,34
134,46
135,43
136,32
137,26
138,30
139,24
140,22
141,23
142,24
143,27
144,28
145,17
146,29
147,25
148,31
149,30
150,23
151,31
152,18
153,20
154,22
155,22
156,21
157,21
158,22
159,19
160,17
161,22
162,22
163,14
164,29
165,27
166,19
167,23
168,20
169,26
170,29
171,19
172,31
173,33
174,25
175,25
176,30
177,18
178,29
179,19
180,20
181,29
182,26
183,25
184,20
185,24
186,11
187,23
188,22
189,22
190,14
191,19
192,27
193,19
194,20
195,25
196,18
197,15
198,20
199,30
200,15
201,24
202,27
203,16
204,22
205,21
206,14
207,26
208,11
209,19
210,19
211,17
212,23
213,22
214,22
215,23
216,27
217,15
218,17
219,17
220,25
221,19
222,17
223,10
224,24
225,20
226,18
227,32
228,23
229,23
230,23
231,18
232,18
233,12
234,29
235,19
236,23
237,22
238,20
239,10
240,24
241,18
242,20
243,17
244,18
245,21
246,16
247,22
248,10
249,24
250,15
251,19
252,19
253,22
254,23
255,18
256,15
257,17
258,16
259,22
260,16
261,19
262,16
263,23
264,19
265,13
266,18
267,23
268,15
269,14
270,14
271,15
272,17
273,20
274,18
275,18
276,11
277,20
278,24
279,13
280,16
281,20
282,14
283,17
284,25
285,25
286,17
287,18
288,23
289,17
290,26
291,20
292,20
293,14
294,22
295,13
296,19
297,24
298,19
299,27
300,15
301,19
302,16
303,20
304,17
305,20
306,19
307,16
308,19
309,27
310,14
311,25
312,14
313,19
314,25
315,15
316,21
317,13
318,17
319,11
320,19
321,20
322,20
323,20
324,10
325,15
326,9
327,20
328,13
329,19
330,15
331,29
332,15
333,18
334,14
335,18
336,22
337,26
338,20
339,21
340,11
341,14
342,19
343,16
344,15
345,15
346,16
347,20
348,16
349,18
350,14
351,16
352,14
353,20
354,15
355,24
356,23
357,16
358,11
359,13
360,12
361,26
362,20
363,24
364,16
365,12
366,18
367,17
368,15
369,20
370,17
371,20
372,13
373,15
374,21
375,23
376,15
377,10
378,14
379,18
380,18
381,17
382,22
383,19
384,24
385,15
386,24
387,35
388,25
389,27
390,29
391,39
392,34
393,33
394,42
395,44
396,37
397,42
398,30
399,44
400,29
401,17
402,28
403,21
404,19
405,18
406,12
407,20
408,17
409,13
410,13
411,15
412,12
413,8
414,13
415,13
416,11
417,20
418,14
419,16
420,21
421,13
422,16
423,7
424,12
425,21
426,17
427,18
428,17
429,14
430,14
431,11
432,12
433,12
434,14
435,16
436,16
437,20
438,15
439,19
440,27
441,16
442,29
443,25
444,34
445,27
446,23
447,37
448,33
449,29
450,34
451,25
452,25
453,27
454,24
455,22
456,22
457,19
458,26
459,22
460,14
461,24
462,16
463,15
464,18
465,8
466,15
467,21
468,17
469,10
470,10
471,18
472,10
473,18
474,17
475,10
476,12
477,11
478,17
479,15
480,13
481,10
482,11
483,10
484,9
485,13
486,12
487,11
488,17
489,9
490,8
491,9
492,13
493,2
494,12
495,18
496,20
497,13
498,9
499,13
500,10
501,20
502,7
503,13
504,15
505,10
506,14
507,15
508,16
509,12
510,14
511,12
512,8
513,13
514,10
515,9
516,14
517,6
518,14
519,15
520,9
521,13
522,15
523,14
524,10
525,6
526,8
527,11
528,8
529,5
530,17
531,15
532,14
533,12
534,13
535,10
536,6
537,7
538,9
539,9
540,13
541,16
542,5
543,7
544,7
545,12
546,17
547,11
548,13
549,14
550,15
551,18
552,14
553,10
554,11
555,15
556,11
557,11
558,12
559,6
560,14
561,8
562,7
563,10
564,6
565,13
566,12
567,8
568,12
569,7
570,17
571,15
572,6
573,9
574,10
575,9
576,10
577,18
578,5
579,13
580,11
581,6
582,11
583,14
584,14
585,11
586,16
587,10
588,10
589,12
590,11
591,7
592,8
593,7
594,12
595,12
596,16
597,12
598,9
599,11
600,7
601,12
602,10
603,13
604,9
605,7
606,19
607,9
608,14
609,11
610,6
611,14
612,8
613,7
614,4
615,7
616,19
617,13
618,14
619,10
620,13
621,11
622,10
623,13
624,6
625,12
626,15
627,10
628,10
629,6
630,16
631,9
632,15
633,11
634,13
635,15
636,10
637,10
638,6
639,9
640,11
641,16
642,9
643,10
644,7
645,11
646,12
647,7
648,13
649,10
650,16
651,15
652,11
653,12
654,12
655,12
656,12
657,20
658,12
659,12
660,15
661,13
662,14
663,15
664,16
665,9
666,6
667,7
668,11
669,10
670,12
671,9
672,10
673,19
674,16
675,9
676,8
677,11
678,16
679,9
680,10
681,12
682,11
683,8
684,11
685,18
686,12
687,12
688,9
689,11
690,14
691,12
692,11
693,10
694,11
695,14
696,8
697,13
698,9
699,16
700,15
701,14
702,11
703,15
704,13
705,12
706,9
707,7
708,11
709,14
710,8
711,12
712,13
713,15
714,14
715,10
716,12
717,21
718,17
719,15
720,13
721,12
722,4
723,10
724,15
725,11
726,14
727,9
728,24
729,16
730,20
731,17
732,13
733,18
734,16
735,27
736,12
737,18
738,17
739,15
740,19
741,15
742,9
743,16
744,12
745,11
746,9
747,14
748,9
749,14
750,17
751,20
752,8
753,11
754,15
755,9
756,10
757,14
758,21
759,10
760,18
761,14
762,11
763,7
764,15
765,13
766,16
767,9
768,12
769,11
770,14
771,15
772,10
773,9
774,10
775,15
776,14
777,11
778,11
779,21
780,13
781,8
782,9
783,15
784,13
785,14
786,12
787,8
788,11
789,26
790,9
791,7
792,11
793,17
794,14
795,16
796,9
797,25
798,21
799,18
800,19
801,18
802,21
803,16
804,18
805,18
806,19
807,15
808,14
809,22
810,30
811,13
812,27
813,17
814,21
815,22
816,13
817,16
818,16
819,15
820,13
821,23
822,17
823,26
824,21
825,23
826,22
827,26
828,26
829,20
830,18
831,29
832,21
833,16
834,17
835,17
836,20
837,22
838,17
839,10
840,12
841,17
842,19
843,21
844,25
845,23
846,19
847,20
848,22
849,11
850,16
851,19
852,14
853,22
854,18
855,18
856,15
857,21
858,13
859,17
860,12
861,16
862,13
863,21
864,20
865,12
866,18
867,8
868,15
869,15
870,18
871,9
872,14
873,14
874,25
875,7
876,19
877,20
878,17
879,11
880,13
881,14
882,14
883,19
884,17
885,23
886,17
887,15
888,16
889,11
890,13
891,15
892,12
893,18
894,16
895,20
896,11
897,15
898,22
899,6
900,15
901,16
902,16
903,22
904,18
905,18
906,26
907,21
908,24
909,14
910,13
911,21
912,11
913,19
914,8
915,15
916,12
917,19
918,16
919,16
920,16
921,10
922,9
923,16
924,15
925,14
926,22
927,16
928,14
929,16
930,10
931,19
932,13
933,17
934,14
935,16
936,14
937,15
938,18
939,15
940,17
941,11
942,16
943,14
944,14
945,17
946,12
947,6
948,16
949,9
950,13
951,18
952,15
953,17
954,13
955,17
956,15
957,14
958,11
959,23
960,10
961,17
962,19
963,14
964,11
965,12
966,16
967,19
968,29
969,15
970,24
971,8
972,22
973,21
974,13
975,9
976,14
977,11
978,11
979,8
980,14
981,12
982,17
983,13
984,12
985,21
986,12
987,18
988,16
989,18
990,10
991,17
992,28
993,17
994,17
995,12
996,23
997,14
998,15
999,11
1000,15
1001,18
1002,12
1003,11
1004,12
1005,25
1006,12
1007,18
1008,23
1009,11
1010,23
1011,19
1012,15
1013,18
1014,24
1015,22
1016,16
1017,22
1018,12
1019,11
1020,16
1021,20
1022,21
1023,9
1024,10
1025,20
1026,17
1027,28
1028,21
1029,23
1030,22
1031,14
1032,13
1033,21
1034,19
1035,20
1036,19
1037,18
1038,9
1039,14
1040,12
1041,20
1042,18
1043,20
1044,15
1045,24
1046,17
1047,11
1048,15
1049,14
1050,20
1051,19
1052,19
1053,15
1054,21
1055,15
1056,16
1057,27
1058,20
1059,15
1060,6
1061,12
1062,20
1063,19
1064,19
1065,14
1066,16
1067,16
1068,18
1069,20
1070,13
1071,21
1072,21
1073,16
1074,11
1075,14
1076,16
1077,22
1078,16
1079,17
1080,15
1081,23
1082,20
1083,15
1084,9
1085,18
1086,20
1087,18
1088,21
1089,11
1090,19
1091,17
1092,20
1093,14
1094,19
1095,19
1096,18
1097,13
1098,14
1099,17
1100,21
1101,16
1102,25
1103,20
1104,22
1105,20
1106,20
1107,16
1108,17
1109,19
1110,24
1111,17
1112,18
1113,28
1114,20
1115,15
1116,18
1117,15
1118,14
1119,25
1120,18
1121,12
1122,17
1123,16
1124,23
1125,17
1126,16
1127,27
1128,24
1129,13
1130,18
1131,19
1132,23
1133,13
1134,17
1135,22
1136,18
1137,16
1138,21
1139,23
1140,17
1141,19
1142,24
1143,19
1144,23
1145,7
1146,13
1147,20
1148,21
1149,15
1150,26
1151,22
1152,15
1153,13
1154,30
1155,18
1156,21
1157,11
1158,22
1159,17
1160,17
1161,25
1162,16
1163,27
1164,14
1165,19
1166,20
1167,28
1168,15
1169,24
1170,21
1171,28
1172,36
1173,48
1174,63
1175,81
1176,111
1177,144
1178,179
1179,209
1180,268
1181,350
1182,425
1183,473
1184,484
1185,569
1186,633
1187,616
1188,627
1189,590
1190,531
1191,452
1192,447
1193,403
1194,334
1195,254
1196,232
1197,178
1198,121
1199,90
1200,73
1201,60
1202,46
1203,33
1204,30
1205,26
1206,24
1207,24
1208,14
1209,13
1210,6
1211,7
1212,6
1213,16
1214,13
1215,3
1216,8
1217,7
1218,8
1219,18
1220,7
1221,14
1222,13
1223,10
1224,10
1225,13
1226,9
1227,15
1228,12
1229,10
1230,16
1231,17
1232,10
1233,19
1234,8
1235,10
1236,11
1237,10
1238,9
1239,6
1240,17
1241,8
1242,14
1243,14
1244,19
1245,10
1246,11
1247,13
1248,11
1249,15
1250,9
1251,10
1252,11
1253,11
1254,9
1255,13
1256,17
1257,8
1258,9
1259,7
1260,14
1261,9
1262,13
1263,16
1264,14
1265,15
1266,13
1267,14
1268,12
1269,17
1270,9
1271,10
1272,15
1273,12
1274,7
1275,12
1276,16
1277,10
1278,11
1279,13
1280,13
1281,10
1282,12
1283,15
1284,5
1285,14
1286,13
1287,8
1288,14
1289,11
1290,14
1291,9
1292,10
1293,12
1294,14
1295,6
1296,12
1297,10
1298,8
1299,12
1300,13
1301,11
1302,15
1303,10
1304,9
1305,13
1306,12
1307,7
1308,19
1309,8
1310,9
1311,4
1312,11
1313,14
1314,8
1315,12
1316,10
1317,13
1318,13
1319,12
1320,12
1321,14
1322,12
1323,19
1324,11
1325,18
1326,13
1327,23
1328,17
1329,10
1330,15
1331,15
1332,11
1333,12
1334,7
1335,15
1336,15
1337,12
1338,10
1339,10
1340,18
1341,13
1342,11
1343,13
1344,8
1345,11
1346,13
1347,14
1348,16
1349,8
1350,10
1351,6
1352,7
1353,11
1354,15
1355,9
1356,9
1357,14
1358,7
1359,13
1360,12
1361,13
1362,19
1363,16
1364,16
1365,17
1366,12
1367,6
1368,5
1369,12
1370,7
1371,16
1372,12
1373,18
1374,12
1375,7
1376,11
1377,10
1378,14
1379,13
1380,13
1381,10
1382,14
1383,15
1384,9
1385,18
1386,11
1387,15
1388,10
1389,15
1390,13
1391,13
1392,17
1393,14
1394,17
1395,13
1396,19
1397,6
1398,12
1399,14
1400,11
1401,9
1402,11
1403,11
1404,11
1405,7
1406,14
1407,14
1408,15
1409,10
1410,13
1411,15
1412,13
1413,13
1414,13
1415,13
1416,6
1417,11
1418,13
1419,9
1420,8
1421,11
1422,14
1423,20
1424,15
1425,8
1426,13
1427,19
1428,9
1429,15
1430,22
1431,12
1432,12
1433,8
1434,5
1435,13
1436,12
1437,14
1438,20
1439,15
1440,8
1441,13
1442,23
1443,14
1444,13
1445,12
1446,14
1447,13
1448,18
1449,13
1450,13
1451,13
1452,16
1453,16
1454,17
1455,16
1456,21
1457,17
1458,4
1459,13
1460,14
1461,17
1462,14
1463,17
1464,13
1465,18
1466,18
1467,26
1468,18
1469,8
1470,17
1471,10
1472,14
1473,16
1474,12
1475,14
1476,12
1477,15
1478,12
1479,14
1480,18
1481,18
1482,16
1483,8
1484,16
1485,18
1486,11
1487,9
1488,10
1489,9
1490,23
1491,19
1492,10
1493,13
1494,13
1495,11
1496,15
1497,18
1498,15
1499,11
1500,14
1501,17
1502,15
1503,13
1504,13
1505,7
1506,19
1507,11
1508,14
1509,9
1510,19
1511,18
1512,11
1513,11
1514,9
1515,11
1516,17
1517,17
1518,15
1519,17
1520,10
1521,15
1522,20
1523,10
1524,14
1525,21
1526,10
1527,12
1528,20
1529,21
1530,13
1531,12
1532,15
1533,9
1534,13
1535,10
1536,13
1537,11
1538,12
1539,23
1540,6
1541,13
1542,20
1543,14
1544,5
1545,15
1546,15
1547,10
1548,9
1549,7
1550,15
1551,18
1552,9
1553,17
1554,16
1555,8
1556,9
1557,21
1558,16
1559,16
1560,13
1561,11
1562,9
1563,14
1564,13
1565,12
1566,13
1567,7
1568,8
1569,5
1570,15
1571,12
1572,14
1573,14
1574,17
1575,10
1576,11
1577,14
1578,16
1579,14
1580,12
1581,14
1582,11
1583,8
1584,12
1585,11
1586,8
1587,12
1588,9
1589,13
1590,11
1591,6
1592,12
1593,21
1594,19
1595,10
1596,7
1597,11
1598,15
1599,6
1600,8
1601,11
1602,9
1603,12
1604,12
1605,6
1606,16
1607,13
1608,14
1609,11
1610,9
1611,16
1612,14
1613,18
1614,15
1615,13
1616,15
1617,12
1618,11
1619,5
1620,7
1621,9
1622,16
1623,9
1624,14
1625,9
1626,19
1627,13
1628,11
1629,14
1630,16
1631,8
1632,17
1633,18
1634,15
1635,14
1636,10
1637,11
1638,8
1639,10
1640,15
1641,10
1642,11
1643,12
1644,16
1645,14
1646,13
1647,9
1648,11
1649,8
1650,12
1651,14
1652,9
1653,13
1654,11
1655,13
1656,9
1657,6
1658,5
1659,16
1660,6
1661,15
1662,13
1663,10
1664,8
1665,12
1666,17
1667,18
1668,11
1669,9
1670,11
1671,10
1672,9
1673,16
1674,16
1675,16
1676,17
1677,10
1678,15
1679,12
1680,14
1681,10
1682,13
1683,16
1684,12
1685,9
1686,14
1687,15
1688,11
1689,10
1690,13
1691,14
1692,16
1693,5
1694,18
1695,9
1696,12
1697,9
1698,12
1699,10
1700,12
1701,16
1702,9
1703,11
1704,22
1705,8
1706,11
1707,11
1708,8
1709,18
1710,11
1711,13
1712,13
1713,9
1714,14
1715,10
1716,10
1717,10
1718,10
1719,12
1720,13
1721,10
1722,10
1723,7
1724,12
1725,12
1726,7
1727,12
1728,8
1729,13
1730,14
1731,15
1732,16
1733,10
1734,8
1735,13
1736,9
1737,10
1738,10
1739,15
1740,14
1741,13
1742,7
1743,14
1744,11
1745,14
1746,19
1747,10
1748,13
1749,10
1750,9
1751,13
1752,9
1753,15
1754,10
1755,8
1756,15
1757,15
1758,11
1759,12
1760,18
1761,12
1762,4
1763,9
1764,12
1765,9
1766,19
1767,10
1768,6
1769,10
1770,12
1771,8
1772,13
1773,13
1774,12
1775,15
1776,7
1777,12
1778,14
1779,11
1780,11
1781,12
1782,10
1783,15
1784,14
1785,10
1786,4
1787,15
1788,8
1789,11
1790,6
1791,10
1792,7
1793,16
1794,15
1795,13
1796,14
1797,12
1798,8
1799,10
1800,13
1801,13
1802,13
1803,15
1804,7
1805,16
1806,14
1807,9
1808,6
1809,12
1810,15
1811,14
1812,11
1813,9
1814,16
1815,10
1816,13
1817,17
1818,14
1819,16
1820,9
1821,19
1822,11
1823,8
1824,12
1825,7
1826,8
1827,11
1828,11
1829,8
1830,6
1831,11
1832,5
1833,13
1834,12
1835,14
1836,7
1837,12
1838,12
1839,11
1840,9
1841,12
1842,13
1843,12
1844,9
1845,8
1846,10
1847,12
1848,11
1849,17
1850,15
1851,14
1852,13
1853,9
1854,9
1855,13
1856,10
1857,12
1858,14
1859,4
1860,5
1861,6
1862,10
1863,10
1864,11
1865,10
1866,11
1867,10
1868,17
1869,17
1870,9
1871,9
1872,13
1873,4
1874,8
1875,20
1876,18
1877,16
1878,20
1879,13
1880,3
1881,18
1882,11
1883,5
1884,15
1885,17
1886,10
1887,13
1888,8
1889,9
1890,12
1891,14
1892,15
1893,8
1894,8
1895,12
1896,16
1897,17
1898,17
1899,16
1900,7
1901,12
1902,4
1903,10
1904,13
1905,7
1906,7
1907,10
1908,10
1909,6
1910,18
1911,14
1912,12
1913,19
1914,19
1915,13
1916,8
1917,16
1918,11
1919,18
1920,12
1921,11
1922,13
1923,16
1924,8
1925,13
1926,10
1927,13
1928,12
1929,9
1930,16
1931,13
1932,11
1933,8
1934,10
1935,9
1936,9
1937,11
1938,12
1939,17
1940,15
1941,4
1942,15
1943,8
1944,9
1945,13
1946,11
1947,14
1948,4
1949,9
1950,9
1951,10
1952,10
1953,14
1954,5
1955,14
1956,15
1957,10
1958,12
1959,5
1960,8
1961,10
1962,8
1963,16
1964,9
1965,5
1966,16
1967,8
1968,11
1969,8
1970,14
1971,10
1972,17
1973,7
1974,7
1975,10
1976,16
1977,19
1978,8
1979,10
1980,8
1981,12
1982,10
1983,14
1984,16
1985,14
1986,9
1987,9
1988,18
1989,9
1990,8
1991,8
1992,10
1993,12
1994,12
1995,13
1996,14
1997,10
1998,9
1999,11
2000,11
2001,5
2002,10
2003,18
2004,9
2005,7
2006,11
2007,12
2008,6
2009,14
2010,16
2011,7
2012,10
2013,6
2014,11
2015,9
2016,17
2017,9
2018,8
2019,14
2020,6
2021,8
2022,10
2023,7
2024,5
2025,10
2026,6
2027,6
2028,9
2029,13
2030,6
2031,9
2032,11
2033,11
2034,6
2035,8
2036,11
2037,11
2038,14
2039,11
2040,8
2041,7
2042,13
2043,10
2044,10
2045,11
2046,10
2047,15
2048,12
2049,6
2050,8
2051,5
2052,10
2053,13
2054,6
2055,12
2056,11
2057,10
2058,8
2059,10
2060,5
2061,11
2062,12
2063,7
2064,9
2065,11
2066,7
2067,10
2068,14
2069,9
2070,12
2071,16
2072,3
2073,9
2074,10
2075,12
2076,5
2077,9
2078,8
2079,6
2080,8
2081,14
2082,12
2083,11
2084,10
2085,11
2086,10
2087,12
2088,19
2089,14
2090,6
2091,13
2092,7
2093,8
2094,7
2095,10
2096,8
2097,13
2098,7
2099,7
2100,8
2101,4
2102,12
2103,13
2104,13
2105,7
2106,9
2107,9
2108,11
2109,9
2110,5
2111,6
2112,8
2113,10
2114,7
2115,4
2116,12
2117,5
2118,9
2119,10
2120,12
2121,14
2122,10
2123,9
2124,9
2125,16
2126,10
2127,6
2128,13
2129,8
2130,14
2131,7
2132,10
2133,5
2134,12
2135,16
2136,7
2137,6
2138,13
2139,4
2140,6
2141,6
2142,7
2143,9
2144,5
2145,8
2146,10
2147,14
2148,10
2149,13
2150,7
2151,4
2152,12
2153,13
2154,16
2155,8
2156,14
2157,12
2158,7
2159,5
2160,11
2161,4
2162,9
2163,5
2164,13
2165,7
2166,10
2167,8
2168,8
2169,3
2170,9
2171,8
2172,8
2173,8
2174,8
2175,9
2176,11
2177,12
2178,10
2179,12
2180,3
2181,16
2182,3
2183,4
2184,7
2185,6
2186,8
2187,11
2188,8
2189,8
2190,9
2191,8
2192,6
2193,13
2194,10
2195,9
2196,8
2197,10
2198,5
2199,7
2200,6
2201,9
2202,10
2203,8
2204,7
2205,14
2206,3
2207,8
2208,16
2209,10
2210,12
2211,13
2212,8
2213,3
2214,10
2215,9
2216,12
2217,11
2218,11
2219,11
2220,9
2221,9
2222,7
2223,8
2224,16
2225,5
2226,7
2227,8
2228,5
2229,9
2230,13
2231,6
2232,11
2233,10
2234,6
2235,10
2236,8
2237,4
2238,14
2239,11
2240,6
2241,14
2242,13
2243,9
2244,7
2245,6
2246,10
2247,6
2248,10
2249,8
2250,13
2251,14
2252,6
2253,7
2254,10
2255,6
2256,9
2257,9
2258,10
2259,5
2260,10
2261,9
2262,8
2263,11
2264,5
2265,8
2266,9
2267,9
2268,7
2269,3
2270,11
2271,6
2272,11
2273,9
2274,7
2275,8
2276,11
2277,11
2278,7
2279,10
2280,10
2281,5
2282,4
2283,12
2284,9
2285,9
2286,5
2287,8
2288,9
2289,4
2290,6
2291,6
2292,9
2293,7
2294,2
2295,12
2296,6
2297,8
2298,7
2299,7
2300,5
2301,5
2302,11
2303,7
2304,5
2305,10
2306,5
2307,8
2308,6
2309,9
2310,7
2311,6
2312,8
2313,5
2314,7
2315,7
2316,6
2317,8
2318,9
2319,10
2320,8
2321,5
2322,7
2323,6
2324,11
2325,12
2326,6
2327,5
2328,11
2329,11
2330,6
2331,9
2332,5
2333,9
2334,9
2335,8
2336,9
2337,8
2338,11
2339,8
2340,7
2341,9
2342,14
2343,5
2344,1
2345,7
2346,6
2347,9
2348,9
2349,5
2350,6
2351,6
2352,9
2353,11
2354,6
2355,9
2356,6
2357,8
2358,7
2359,14
2360,12
2361,9
2362,9
2363,10
2364,4
2365,19
2366,23
2367,24
2368,22
2369,49
2370,46
2371,47
2372,57
2373,65
2374,88
2375,81
2376,96
2377,87
2378,110
2379,102
2380,90
2381,93
2382,94
2383,80
2384,70
2385,61
2386,51
2387,52
2388,48
2389,28
2390,27
2391,24
2392,22
2393,8
2394,13
2395,5
2396,9
2397,11
2398,4
2399,11
2400,5
2401,4
2402,8
2403,6
2404,7
2405,6
2406,15
2407,10
2408,6
2409,7
2410,6
2411,5
2412,3
2413,4
2414,7
2415,6
2416,3
2417,5
2418,4
2419,11
2420,7
2421,10
2422,6
2423,4
2424,6
2425,4
2426,6
2427,11
2428,5
2429,5
2430,7
2431,7
2432,11
2433,8
2434,5
2435,5
2436,5
2437,10
2438,15
2439,3
2440,3
2441,10
2442,6
2443,7
2444,6
2445,4
2446,6
2447,3
2448,6
2449,6
2450,3
2451,9
2452,5
2453,7
2454,8
2455,11
2456,9
2457,6
2458,4
2459,4
2460,7
2461,3
2462,7
2463,3
2464,4
2465,10
2466,7
2467,4
2468,3
2469,9
2470,8
2471,6
2472,7
2473,7
2474,6
2475,11
2476,4
2477,6
2478,7
2479,7
2480,10
2481,5
2482,9
2483,5
2484,6
2485,6
2486,4
2487,7
2488,7
2489,6
2490,5
2491,6
2492,2
2493,7
2494,4
2495,9
2496,8
2497,6
2498,4
2499,7
2500,6
2501,7
2502,6
2503,6
2504,3
2505,4
2506,4
2507,5
2508,11
2509,7
2510,5
2511,6
2512,4
2513,4
2514,7
2515,6
2516,6
2517,7
2518,8
2519,2
2520,11
2521,7
2522,7
2523,1
2524,13
2525,7
2526,5
2527,5
2528,8
2529,12
2530,7
2531,7
2532,6
2533,6
2534,6
2535,4
2536,7
2537,2
2538,8
2539,7
2540,8
2541,5
2542,4
2543,5
2544,9
2545,3
2546,5
2547,8
2548,5
2549,7
2550,10
2551,5
2552,3
2553,6
2554,5
2555,2
2556,2
2557,7
2558,8
2559,4
2560,8
2561,5
2562,6
2563,3
2564,4
2565,8
2566,8
2567,5
2568,3
2569,1
2570,3
2571,2
2572,5
2573,6
2574,5
2575,4
2576,2
2577,5
2578,10
2579,6
2580,4
2581,3
2582,3
2583,5
2584,5
2585,5
2586,3
2587,11
2588,1
2589,6
2590,9
2591,7
2592,4
2593,5
2594,7
2595,7
2596,8
2597,5
2598,3
2599,4
2600,6
2601,2
2602,9
2603,5
2604,8
2605,3
2606,7
2607,6
2608,1
2609,8
2610,5
2611,6
2612,6
2613,1
2614,5
2615,7
2616,9
2617,3
2618,8
2619,6
2620,5
2621,3
2622,4
2623,7
2624,8
2625,6
2626,6
2627,3
2628,11
2629,4
2630,4
2631,5
2632,6
2633,4
2634,7
2635,7
2636,11
2637,4
2638,4
2639,9
2640,9
2641,5
2642,11
2643,7
2644,1
2645,8
2646,5
2647,7
2648,4
2649,8
2650,3
2651,7
2652,7
2653,3
2654,4
2655,4
2656,4
2657,5
2658,12
2659,4
2660,7
2661,5
2662,7
2663,12
2664,9
2665,5
2666,4
2667,4
2668,8
2669,1
2670,3
2671,7
2672,8
2673,7
2674,2
2675,4
2676,3
2677,7
2678,1
2679,4
2680,7
2681,10
2682,8
2683,11
2684,8
2685,7
2686,4
2687,6
2688,8
2689,4
2690,6
2691,7
2692,8
2693,6
2694,3
2695,5
2696,6
2697,7
2698,1
2699,3
2700,4
2701,3
2702,5
2703,2
2704,3
2705,2
2706,6
2707,6
2708,3
2709,3
2710,2
2711,7
2712,2
2713,10
2714,7
2715,12
2716,1
2717,8
2718,3
2719,7
2720,6
2721,9
2722,5
2723,9
2724,5
2725,8
2726,3
2727,4
2728,4
2729,3
2730,3
2731,5
2732,8
2733,8
2734,8
2735,7
2736,3
2737,6
2738,6
2739,1
2740,2
2741,3
2742,1
2743,6
2744,8
2745,5
2746,6
2747,7
2748,6
2749,5
2750,3
2751,3
2752,3
2753,7
2754,6
2755,5
2756,9
2757,4
2758,7
2759,5
2760,8
2761,3
2762,9
2763,5
2764,5
2765,2
2766,3
2767,6
2768,6
2769,7
2770,4
2771,6
2772,2
2773,8
2774,6
2775,5
2776,4
2777,7
2778,5
2779,5
2780,2
2781,4
2782,2
2783,7
2784,5
2785,5
2786,2
2787,2
2788,3
2789,5
2790,9
2791,9
2792,5
2793,4
2794,8
2795,5
2796,7
2797,7
2798,3
2799,4
2800,5
2801,7
2802,7
2803,8
2804,8
2805,10
2806,5
2807,6
2808,5
2809,10
2810,3
2811,4
2812,7
2813,14
2814,5
2815,7
2816,3
2817,3
2818,4
2819,4
2820,3
2821,5
2822,2
2823,7
2824,5
2825,5
2826,6
2827,3
2828,6
2829,13
2830,5
2831,7
2832,5
2833,9
2834,4
2835,2
2836,7
2837,4
2838,2
2839,8
2840,3
2841,3
2842,4
2843,5
2844,4
2845,8
2846,0
2847,4
2848,5
2849,2
2850,2
2851,4
2852,6
2853,7
2854,1
2855,7
2856,5
2857,6
2858,4
2859,7
2860,8
2861,3
2862,2
2863,3
2864,6
2865,3
2866,4
2867,6
2868,9
2869,5
2870,3
2871,10
2872,8
2873,12
2874,5
2875,9
2876,12
2877,8
2878,8
2879,7
2880,3
2881,7
2882,7
2883,6
2884,7
2885,11
2886,1
2887,5
2888,5
2889,6
2890,2
2891,6
2892,3
2893,2
2894,7
2895,5
2896,7
2897,12
2898,4
2899,7
2900,6
2901,6
2902,1
2903,7
2904,2
2905,6
2906,6
2907,5
2908,8
2909,7
2910,7
2911,3
2912,4
2913,5
2914,4
2915,8
2916,6
2917,5
2918,5
2919,1
2920,4
2921,1
2922,7
2923,2
2924,4
2925,4
2926,4
2927,7
2928,11
2929,9
2930,2
2931,6
2932,5
2933,10
2934,4
2935,4
2936,1
2937,2
2938,4
2939,7
2940,1
2941,9
2942,2
2943,1
2944,3
2945,5
2946,6
2947,7
2948,5
2949,5
2950,5
2951,6
2952,8
2953,5
2954,6
2955,5
2956,9
2957,6
2958,6
2959,7
2960,1
2961,5
2962,8
2963,7
2964,4
2965,5
2966,3
2967,4
2968,6
2969,4
2970,5
2971,8
2972,4
2973,5
2974,5
2975,4
2976,4
2977,3
2978,8
2979,7
2980,7
2981,8
2982,2
2983,6
2984,2
2985,9
2986,8
2987,4
2988,5
2989,4
2990,1
2991,2
2992,3
2993,2
2994,6
2995,2
2996,6
2997,9
2998,9
2999,5
3000,7
3001,4
3002,4
3003,5
3004,6
3005,5
3006,2
3007,2
3008,3
3009,5
3010,6
3011,5
3012,2
3013,2
3014,3
3015,7
3016,5
3017,9
3018,5
3019,0
3020,9
3021,3
3022,4
3023,5
3024,2
3025,6
3026,0
3027,2
3028,2
3029,2
3030,7
3031,2
3032,3
3033,3
3034,3
3035,5
3036,3
3037,8
3038,3
3039,4
3040,8
3041,2
3042,3
3043,2
3044,1
3045,1
3046,5
3047,2
3048,5
3049,7
3050,5
3051,6
3052,4
3053,4
3054,2
3055,9
3056,3
3057,8
3058,4
3059,3
3060,4
3061,2
3062,4
3063,5
3064,4
3065,3
3066,3
3067,4
3068,10
3069,4
3070,6
3071,10
3072,7
3073,4
3074,3
3075,6
3076,7
3077,3
3078,6
3079,3
3080,6
3081,4
3082,6
3083,3
3084,4
3085,4
3086,2
3087,8
3088,6
3089,4
3090,6
3091,8
3092,4
3093,1
3094,3
3095,11
3096,2
3097,5
3098,10
3099,7
3100,4
3101,3
3102,2
3103,8
3104,5
3105,7
3106,5
3107,9
3108,10
3109,3
3110,4
3111,4
3112,5
3113,3
3114,9
3115,5
3116,4
3117,6
3118,8
3119,5
3120,4
3121,4
3122,5
3123,4
3124,6
3125,4
3126,4
3127,6
3128,6
3129,5
3130,5
3131,5
3132,5
3133,4
3134,4
3135,2
3136,2
3137,5
3138,3
3139,7
3140,3
3141,4
3142,9
3143,7
3144,3
3145,4
3146,4
3147,7
3148,7
3149,5
3150,3
3151,5
3152,3
3153,4
3154,5
3155,2
3156,4
3157,2
3158,4
3159,1
3160,6
3161,0
3162,2
3163,6
3164,6
3165,2
3166,6
3167,4
3168,4
3169,2
3170,6
3171,2
3172,10
3173,6
3174,1
3175,2
3176,5
3177,7
3178,7
3179,5
3180,10
3181,3
3182,8
3183,1
3184,6
3185,4
3186,3
3187,3
3188,4
3189,3
3190,5
3191,3
3192,5
3193,2
3194,5
3195,5
3196,5
3197,6
3198,9
3199,4
3200,6
3201,4
3202,4
3203,4
3204,5
3205,2
3206,6
3207,3
3208,5
3209,5
3210,4
3211,4
3212,10
3213,2
3214,6
3215,2
3216,8
3217,6
3218,3
3219,6
3220,9
3221,7
3222,8
3223,2
3224,8
3225,8
3226,5
3227,5
3228,4
3229,8
3230,6
3231,3
3232,5
3233,1
3234,1
3235,7
3236,2
3237,6
3238,3
3239,3
3240,12
3241,4
3242,2
3243,2
3244,4
3245,3
3246,2
3247,3
3248,6
3249,6
3250,6
3251,2
3252,3
3253,5
3254,0
3255,1
3256,5
3257,3
3258,2
3259,4
3260,2
3261,4
3262,3
3263,0
3264,7
3265,5
3266,4
3267,3
3268,4
3269,4
3270,5
3271,5
3272,8
3273,5
3274,5
3275,3
3276,4
3277,3
3278,4
3279,6
3280,6
3281,2
3282,5
3283,4
3284,5
3285,2
3286,8
3287,6
3288,3
3289,7
3290,5
3291,4
3292,4
3293,3
3294,4
3295,9
3296,2
3297,4
3298,3
3299,3
3300,1
3301,3
3302,4
3303,4
3304,6
3305,3
3306,4
3307,6
3308,5
3309,3
3310,5
3311,6
3312,2
3313,5
3314,3
3315,5
3316,9
3317,6
3318,4
3319,6
3320,9
3321,4
3322,4
3323,8
3324,6
3325,16
3326,15
3327,16
3328,19
3329,32
3330,30
3331,42
3332,47
3333,60
3334,81
3335,95
3336,87
3337,117
3338,170
3339,157
3340,177
3341,166
3342,202
3343,206
3344,208
3345,203
3346,176
3347,183
3348,146
3349,159
3350,135
3351,121
3352,100
3353,94
3354,88
3355,51
3356,51
3357,42
3358,27
3359,32
3360,14
3361,8
3362,12
3363,9
3364,8
3365,7
3366,2
3367,1
3368,1
3369,6
3370,3
3371,4
3372,4
3373,5
3374,3
3375,4
3376,3
3377,6
3378,4
3379,5
3380,9
3381,2
3382,2
3383,5
3384,4
3385,4
3386,5
3387,2
3388,7
3389,2
3390,4
3391,6
3392,2
3393,2
3394,3
3395,0
3396,3
3397,3
3398,3
3399,4
3400,4
3401,2
3402,6
3403,0
3404,2
3405,4
3406,4
3407,5
3408,5
3409,5
3410,7
3411,3
3412,6
3413,6
3414,5
3415,3
3416,6
3417,5
3418,2
3419,5
3420,6
3421,4
3422,8
3423,5
3424,3
3425,5
3426,2
3427,4
3428,2
3429,2
3430,4
3431,2
3432,2
3433,0
3434,4
3435,6
3436,0
3437,8
3438,7
3439,6
3440,2
3441,6
3442,1
3443,1
3444,3
3445,6
3446,6
3447,3
3448,5
3449,4
3450,4
3451,3
3452,2
3453,6
3454,3
3455,1
3456,1
3457,5
3458,2
3459,1
3460,1
3461,6
3462,2
3463,6
3464,5
3465,6
3466,5
3467,2
3468,2
3469,2
3470,1
3471,3
3472,4
3473,4
3474,4
3475,0
3476,4
3477,2
3478,2
3479,4
3480,2
3481,1
3482,8
3483,3
3484,3
3485,0
3486,5
3487,1
3488,2
3489,4
3490,4
3491,4
3492,3
3493,4
3494,5
3495,2
3496,2
3497,3
3498,6
3499,5
3500,5
3501,5
3502,4
3503,1
3504,2
3505,3
3506,10
3507,3
3508,3
3509,3
3510,2
3511,3
3512,6
3513,1
3514,3
3515,6
3516,6
3517,1
3518,5
3519,0
3520,8
3521,3
3522,3
3523,2
3524,4
3525,2
3526,2
3527,3
3528,6
3529,3
3530,3
3531,4
3532,3
3533,2
3534,2
3535,2
3536,3
3537,3
3538,5
3539,3
3540,2
3541,0
3542,2
3543,1
3544,4
3545,4
3546,5
3547,6
3548,8
3549,5
3550,4
3551,1
3552,2
3553,2
3554,3
3555,9
3556,4
3557,0
3558,3
3559,3
3560,6
3561,7
3562,7
3563,6
3564,5
3565,5
3566,10
3567,9
3568,12
3569,12
3570,7
3571,5
3572,8
3573,19
3574,11
3575,8
3576,7
3577,7
3578,6
3579,10
3580,4
3581,6
3582,4
3583,10
3584,8
3585,6
3586,6
3587,5
3588,7
3589,3
3590,6
3591,5
3592,6
3593,1
3594,5
3595,2
3596,4
3597,8
3598,4
3599,6
3600,1
3601,3
3602,3
3603,3
3604,6
3605,6
3606,5
3607,4
3608,8
3609,4
3610,5
3611,7
3612,5
3613,4
3614,4
3615,5
3616,1
3617,5
3618,7
3619,4
3620,3
3621,3
3622,4
3623,3
3624,1
3625,2
3626,5
3627,2
3628,0
3629,4
3630,3
3631,4
3632,3
3633,2
3634,1
3635,4
3636,1
3637,3
3638,3
3639,5
3640,5
3641,8
3642,2
3643,6
3644,2
3645,4
3646,4
3647,1
3648,5
3649,4
3650,7
3651,4
3652,1
3653,3
3654,1
3655,2
3656,3
3657,4
3658,1
3659,3
3660,3
3661,1
3662,3
3663,2
3664,4
3665,3
3666,2
3667,6
3668,1
3669,1
3670,1
3671,4
3672,5
3673,2
3674,5
3675,2
3676,5
3677,4
3678,3
3679,3
3680,8
3681,5
3682,5
3683,5
3684,5
3685,0
3686,2
3687,2
3688,0
3689,5
3690,3
3691,2
3692,0
3693,4
3694,5
3695,3
3696,6
3697,3
3698,4
3699,3
3700,1
3701,3
3702,4
3703,2
3704,3
3705,1
3706,0
3707,4
3708,6
3709,2
3710,1
3711,2
3712,2
3713,0
3714,3
3715,4
3716,4
3717,5
3718,4
3719,5
3720,3
3721,2
3722,5
3723,3
3724,3
3725,2
3726,5
3727,3
3728,3
3729,2
3730,5
3731,2
3732,2
3733,4
3734,6
3735,2
3736,1
3737,6
3738,3
3739,4
3740,2
3741,3
3742,6
3743,4
3744,7
3745,6
3746,2
3747,7
3748,2
3749,2
3750,6
3751,5
3752,6
3753,1
3754,4
3755,2
3756,3
3757,0
3758,4
3759,2
3760,6
3761,2
3762,3
3763,1
3764,5
3765,4
3766,2
3767,0
3768,4
3769,2
3770,1
3771,5
3772,5
3773,3
3774,1
3775,2
3776,1
3777,3
3778,3
3779,3
3780,6
3781,4
3782,3
3783,6
3784,2
3785,3
3786,7
3787,5
3788,3
3789,5
3790,2
3791,4
3792,3
3793,4
3794,1
3795,3
3796,3
3797,2
3798,7
3799,2
3800,0
3801,3
3802,3
3803,1
3804,5
3805,0
3806,1
3807,6
3808,2
3809,3
3810,4
3811,2
3812,2
3813,5
3814,3
3815,3
3816,4
3817,0
3818,4
3819,3
3820,5
3821,5
3822,5
3823,5
3824,5
3825,2
3826,1
3827,3
3828,3
3829,3
3830,3
3831,3
3832,3
3833,6
3834,7
3835,6
3836,5
3837,4
3838,2
3839,2
3840,3
3841,2
3842,6
3843,4
3844,6
3845,1
3846,1
3847,6
3848,5
3849,4
3850,5
3851,2
3852,6
3853,3
3854,2
3855,5
3856,0
3857,2
3858,1
3859,1
3860,1
3861,5
3862,2
3863,2
3864,4
3865,3
3866,4
3867,4
3868,2
3869,2
3870,7
3871,2
3872,4
3873,3
3874,2
3875,4
3876,5
3877,3
3878,6
3879,1
3880,1
3881,2
3882,1
3883,5
3884,0
3885,2
3886,1
3887,5
3888,5
3889,2
3890,2
3891,1
3892,2
3893,7
3894,1
3895,3
3896,3
3897,4
3898,4
3899,3
3900,2
3901,1
3902,2
3903,3
3904,4
3905,2
3906,3
3907,5
3908,2
3909,5
3910,2
3911,4
3912,3
3913,4
3914,5
3915,1
3916,4
3917,2
3918,4
3919,0
3920,2
3921,0
3922,9
3923,3
3924,3
3925,3
3926,1
3927,6
3928,3
3929,2
3930,7
3931,1
3932,2
3933,2
3934,4
3935,4
3936,4
3937,1
3938,2
3939,1
3940,3
3941,2
3942,3
3943,4
3944,3
3945,2
3946,2
3947,5
3948,4
3949,2
3950,6
3951,3
3952,2
3953,2
3954,2
3955,0
3956,2
3957,1
3958,1
3959,4
3960,2
3961,4
3962,1
3963,2
3964,5
3965,3
3966,1
3967,4
3968,1
3969,4
3970,4
3971,6
3972,5
3973,3
3974,4
3975,5
3976,3
3977,5
3978,5
3979,12
3980,8
3981,7
3982,9
3983,9
3984,9
3985,17
3986,6
3987,17
3988,20
3989,14
3990,15
3991,14
3992,24
3993,14
3994,16
3995,15
3996,9
3997,13
3998,8
3999,9
4000,15
4001,8
4002,9
4003,0
4004,8
4005,7
4006,2
4007,6
4008,5
4009,4
4010,2
4011,3
4012,4
4013,2
4014,5
4015,2
4016,4
4017,2
4018,6
4019,4
4020,5
4021,1
4022,2
4023,5
4024,0
4025,5
4026,5
4027,3
4028,4
4029,4
4030,3
4031,2
4032,5
4033,5
4034,3
4035,1
4036,7
4037,2
4038,4
4039,3
4040,4
4041,4
4042,5
4043,3
4044,9
4045,1
4046,4
4047,4
4048,6
4049,1
4050,1
4051,1
4052,3
4053,3
4054,3
4055,5
4056,3
4057,5
4058,1
4059,1
4060,1
4061,4
4062,3
4063,2
4064,0
4065,0
4066,4
4067,3
4068,2
4069,2
4070,1
4071,2
4072,6
4073,2
4074,2
4075,2
4076,5
4077,1
4078,3
4079,3
4080,1
4081,3
4082,1
4083,3
4084,4
4085,2
4086,7
4087,5
4088,3
4089,2
4090,2
4091,2
4092,3
4093,1
4094,1
4095,0
4096,2
4097,5
4098,1
4099,1
4100,3
4101,3
4102,3
4103,1
4104,4
4105,5
4106,0
4107,4
4108,6
4109,4
4110,3
4111,1
4112,6
4113,3
4114,3
4115,6
4116,6
4117,3
4118,2
4119,1
4120,4
4121,3
4122,7
4123,3
4124,5
4125,0
4126,2
4127,2
4128,4
4129,3
4130,2
4131,4
4132,4
4133,0
4134,6
4135,2
4136,2
4137,5
4138,6
4139,3
4140,4
4141,5
4142,5
4143,5
4144,7
4145,2
4146,0
4147,3
4148,1
4149,2
4150,3
4151,5
4152,4
4153,3
4154,1
4155,2
4156,6
4157,2
4158,1
4159,1
4160,5
4161,0
4162,6
4163,5
4164,4
4165,2
4166,1
4167,6
4168,3
4169,3
4170,2
4171,2
4172,4
4173,3
4174,5
4175,4
4176,1
4177,3
4178,3
4179,1
4180,1
4181,1
4182,3
4183,2
4184,2
4185,2
4186,5
4187,4
4188,3
4189,1
4190,4
4191,1
4192,0
4193,3
4194,4
4195,1
4196,6
4197,2
4198,3
4199,0
4200,2
4201,2
4202,1
4203,5
4204,4
4205,4
4206,2
4207,4
4208,6
4209,3
4210,3
4211,3
4212,2
4213,4
4214,3
4215,0
4216,2
4217,6
4218,4
4219,2
4220,3
4221,1
4222,5
4223,3
4224,1
4225,5
4226,2
4227,5
4228,4
4229,3
4230,4
4231,0
4232,1
4233,3
4234,2
4235,2
4236,2
4237,2
4238,1
4239,4
4240,2
4241,2
4242,5
4243,5
4244,1
4245,1
4246,3
4247,5
4248,4
4249,4
4250,3
4251,1
4252,2
4253,3
4254,6
4255,2
4256,1
4257,3
4258,4
4259,2
4260,2
4261,5
4262,4
4263,6
4264,4
4265,1
4266,2
4267,3
4268,2
4269,2
4270,1
4271,6
4272,4
4273,1
4274,3
4275,5
4276,4
4277,3
4278,5
4279,2
4280,2
4281,4
4282,0
4283,3
4284,5
4285,1
4286,1
4287,3
4288,5
4289,3
4290,3
4291,8
4292,4
4293,6
4294,5
4295,3
4296,2
4297,6
4298,5
4299,4
4300,6
4301,10
4302,10
4303,12
4304,13
4305,15
4306,23
4307,22
4308,24
4309,23
4310,23
4311,16
4312,29
4313,17
4314,18
4315,11
4316,18
4317,15
4318,12
4319,10
4320,6
4321,8
4322,8
4323,3
4324,9
4325,5
4326,7
4327,3
4328,3
4329,4
4330,2
4331,4
4332,5
4333,2
4334,1
4335,2
4336,0
4337,4
4338,4
4339,3
4340,1
4341,5
4342,1
4343,1
4344,7
4345,1
4346,1
4347,3
4348,1
4349,2
4350,5
4351,4
4352,2
4353,3
4354,3
4355,2
4356,5
4357,4
4358,2
4359,4
4360,0
4361,3
4362,1
4363,2
4364,5
4365,3
4366,3
4367,3
4368,2
4369,1
4370,2
4371,5
4372,8
4373,3
4374,3
4375,2
4376,0
4377,3
4378,6
4379,0
4380,3
4381,4
4382,4
4383,5
4384,1
4385,4
4386,2
4387,2
4388,3
4389,2
4390,3
4391,2
4392,4
4393,1
4394,1
4395,5
4396,0
4397,3
4398,1
4399,4
4400,4
4401,6
4402,3
4403,5
4404,1
4405,0
4406,3
4407,0
4408,3
4409,4
4410,1
4411,2
4412,1
4413,5
4414,2
4415,2
4416,3
4417,1
4418,1
4419,1
4420,0
4421,5
4422,2
4423,4
4424,1
4425,2
4426,2
4427,3
4428,5
4429,4
4430,5
4431,3
4432,2
4433,3
4434,3
4435,2
4436,2
4437,3
4438,4
4439,4
4440,3
4441,2
4442,3
4443,5
4444,8
4445,4
4446,5
4447,3
4448,3
4449,0
4450,1
4451,4
4452,2
4453,4
4454,3
4455,3
4456,1
4457,6
4458,2
4459,4
4460,4
4461,2
4462,4
4463,6
4464,7
4465,4
4466,4
4467,1
4468,3
4469,5
4470,2
4471,2
4472,3
4473,3
4474,1
4475,4
4476,0
4477,2
4478,3
4479,6
4480,5
4481,3
4482,5
4483,4
4484,3
4485,4
4486,3
4487,4
4488,2
4489,3
4490,5
4491,5
4492,2
4493,4
4494,4
4495,4
4496,3
4497,4
4498,2
4499,2
4500,2
4501,4
4502,2
4503,3
4504,2
4505,4
4506,2
4507,4
4508,0
4509,4
4510,4
4511,3
4512,4
4513,1
4514,4
4515,2
4516,6
4517,0
4518,5
4519,1
4520,3
4521,2
4522,3
4523,4
4524,1
4525,1
4526,0
4527,4
4528,1
4529,5
4530,4
4531,3
4532,2
4533,4
4534,3
4535,0
4536,2
4537,5
4538,4
4539,1
4540,2
4541,1
4542,4
4543,1
4544,3
4545,0
4546,3
4547,1
4548,5
4549,2
4550,7
4551,3
4552,3
4553,3
4554,5
4555,5
4556,1
4557,4
4558,5
4559,3
4560,4
4561,1
4562,3
4563,0
4564,1
4565,2
4566,4
4567,3
4568,5
4569,3
4570,3
4571,1
4572,3
4573,4
4574,5
4575,0
4576,1
4577,3
4578,4
4579,0
4580,2
4581,1
4582,4
4583,3
4584,1
4585,3
4586,7
4587,4
4588,2
4589,2
4590,0
4591,5
4592,2
4593,1
4594,6
4595,3
4596,6
4597,2
4598,3
4599,4
4600,4
4601,3
4602,8
4603,3
4604,2
4605,5
4606,6
4607,2
4608,7
4609,2
4610,3
4611,5
4612,2
4613,2
4614,6
4615,3
4616,1
4617,0
4618,2
4619,3
4620,1
4621,1
4622,4
4623,4
4624,3
4625,2
4626,3
4627,2
4628,3
4629,1
4630,5
4631,2
4632,3
4633,3
4634,4
4635,4
4636,5
4637,8
4638,2
4639,5
4640,1
4641,3
4642,7
4643,4
4644,2
4645,5
4646,1
4647,2
4648,4
4649,5
4650,4
4651,2
4652,2
4653,2
4654,3
4655,4
4656,4
4657,5
4658,4
4659,3
4660,3
4661,7
4662,7
4663,3
4664,2
4665,5
4666,1
4667,4
4668,2
4669,3
4670,2
4671,2
4672,3
4673,2
4674,4
4675,4
4676,6
4677,3
4678,3
4679,3
4680,2
4681,8
4682,5
4683,5
4684,3
4685,2
4686,1
4687,1
4688,6
4689,2
4690,2
4691,8
4692,4
4693,6
4694,2
4695,3
4696,3
4697,2
4698,0
4699,1
4700,2
4701,3
4702,2
4703,2
4704,4
4705,1
4706,2
4707,3
4708,2
4709,3
4710,1
4711,3
4712,2
4713,2
4714,2
4715,4
4716,4
4717,1
4718,1
4719,0
4720,1
4721,3
4722,5
4723,1
4724,5
4725,1
4726,3
4727,3
4728,3
4729,3
4730,1
4731,2
4732,2
4733,3
4734,5
4735,7
4736,3
4737,6
4738,6
4739,7
4740,5
4741,2
4742,3
4743,2
4744,6
4745,2
4746,4
4747,5
4748,4
4749,5
4750,6
4751,3
4752,3
4753,5
4754,8
4755,6
4756,4
4757,5
4758,1
4759,1
4760,3
4761,4
4762,2
4763,4
4764,1
4765,6
4766,2
4767,4
4768,1
4769,2
4770,2
4771,2
4772,1
4773,3
4774,5
4775,1
4776,2
4777,3
4778,4
4779,4
4780,5
4781,2
4782,3
4783,2
4784,1
4785,7
4786,0
4787,6
4788,1
4789,1
4790,3
4791,3
4792,4
4793,4
4794,2
4795,5
4796,5
4797,3
4798,0
4799,2
4800,3
4801,4
4802,4
4803,2
4804,3
4805,1
4806,4
4807,3
4808,2
4809,2
4810,2
4811,2
4812,4
4813,4
4814,3
4815,6
4816,3
4817,2
4818,1
4819,1
4820,3
4821,1
4822,3
4823,1
4824,1
4825,5
4826,3
4827,0
4828,2
4829,4
4830,2
4831,3
4832,1
4833,4
4834,4
4835,3
4836,2
4837,1
4838,3
4839,5
4840,3
4841,3
4842,6
4843,5
4844,2
4845,5
4846,5
4847,4
4848,2
4849,2
4850,5
4851,2
4852,1
4853,4
4854,2
4855,1
4856,1
4857,2
4858,3
4859,2
4860,3
4861,4
4862,1
4863,4
4864,6
4865,2
4866,7
4867,2
4868,5
4869,4
4870,4
4871,0
4872,1
4873,2
4874,4
4875,2
4876,3
4877,3
4878,3
4879,3
4880,2
4881,6
4882,5
4883,2
4884,2
4885,3
4886,7
4887,4
4888,3
4889,1
4890,1
4891,4
4892,8
4893,4
4894,3
4895,2
4896,2
4897,3
4898,2
4899,2
4900,3
4901,3
4902,3
4903,2
4904,3
4905,2
4906,2
4907,1
4908,3
4909,1
4910,5
4911,0
4912,2
4913,1
4914,3
4915,4
4916,4
4917,2
4918,3
4919,3
4920,4
4921,7
4922,4
4923,4
4924,0
4925,3
4926,2
4927,2
4928,1
4929,6
4930,3
4931,4
4932,3
4933,0
4934,2
4935,5
4936,1
4937,6
4938,5
4939,1
4940,6
4941,3
4942,5
4943,9
4944,4
4945,1
4946,2
4947,7
4948,4
4949,2
4950,5
4951,4
4952,4
4953,2
4954,10
4955,4
4956,5
4957,6
4958,4
4959,7
4960,2
4961,8
4962,5
4963,4
4964,4
4965,7
4966,3
4967,3
4968,5
4969,4
4970,6
4971,2
4972,3
4973,4
4974,2
4975,3
4976,6
4977,3
4978,5
4979,1
4980,1
4981,7
4982,4
4983,2
4984,9
4985,3
4986,3
4987,1
4988,6
4989,8
4990,1
4991,3
4992,2
4993,4
4994,3
4995,4
4996,4
4997,3
4998,2
4999,3
5000,3
5001,6
5002,4
5003,4
5004,2
5005,2
5006,4
5007,1
5008,6
5009,3
5010,6
5011,8
5012,3
5013,2
5014,3
5015,6
5016,2
5017,2
5018,3
5019,4
5020,1
5021,4
5022,4
5023,3
5024,2
5025,4
5026,1
5027,3
5028,1
5029,7
5030,3
5031,3
5032,3
5033,2
5034,2
5035,3
5036,4
5037,4
5038,6
5039,3
5040,3
5041,3
5042,3
5043,1
5044,3
5045,2
5046,4
5047,3
5048,4
5049,3
5050,4
5051,3
5052,2
5053,4
5054,4
5055,1
5056,6
5057,3
5058,1
5059,2
5060,4
5061,3
5062,7
5063,2
5064,2
5065,3
5066,1
5067,0
5068,4
5069,2
5070,2
5071,3
5072,2
5073,1
5074,7
5075,5
5076,4
5077,4
5078,3
5079,4
5080,0
5081,1
5082,5
5083,4
5084,1
5085,5
5086,3
5087,8
5088,3
5089,2
5090,2
5091,7
5092,3
5093,4
5094,2
5095,1
5096,6
5097,3
5098,1
5099,2
5100,0
5101,3
5102,2
5103,1
5104,2
5105,3
5106,2
5107,3
5108,2
5109,3
5110,1
5111,2
5112,5
5113,4
5114,4
5115,2
5116,1
5117,0
5118,1
5119,2
5120,0
5121,1
5122,3
5123,3
5124,4
5125,2
5126,3
5127,3
5128,1
5129,6
5130,5
5131,2
5132,4
5133,5
5134,5
5135,0
5136,2
5137,4
5138,3
5139,0
5140,2
5141,4
5142,3
5143,4
5144,2
5145,1
5146,5
5147,2
5148,2
5149,2
5150,0
5151,3
5152,1
5153,2
5154,2
5155,0
5156,5
5157,2
5158,2
5159,2
5160,2
5161,0
5162,5
5163,1
5164,3
5165,0
5166,1
5167,1
5168,4
5169,6
5170,2
5171,2
5172,4
5173,3
5174,2
5175,1
5176,5
5177,2
5178,1
5179,3
5180,2
5181,1
5182,1
5183,3
5184,1
5185,1
5186,1
5187,4
5188,2
5189,1
5190,5
5191,1
5192,2
5193,3
5194,0
5195,4
5196,3
5197,1
5198,2
5199,2
5200,2
5201,1
5202,2
5203,4
5204,2
5205,2
5206,3
5207,3
5208,5
5209,4
5210,3
5211,2
5212,2
5213,2
5214,0
5215,5
5216,2
5217,3
5218,2
5219,3
5220,4
5221,2
5222,0
5223,5
5224,4
5225,6
5226,6
5227,7
5228,4
5229,2
5230,2
5231,3
5232,4
5233,3
5234,1
5235,3
5236,0
5237,2
5238,1
5239,3
5240,7
5241,6
5242,3
5243,4
5244,3
5245,1
5246,3
5247,3
5248,3
5249,5
5250,3
5251,5
5252,1
5253,2
5254,0
5255,7
5256,2
5257,4
5258,1
5259,1
5260,2
5261,2
5262,1
5263,3
5264,2
5265,2
5266,3
5267,3
5268,2
5269,4
5270,2
5271,5
5272,2
5273,5
5274,3
5275,1
5276,3
5277,6
5278,2
5279,2
5280,1
5281,3
5282,3
5283,4
5284,2
5285,2
5286,2
5287,1
5288,2
5289,2
5290,4
5291,1
5292,1
5293,2
5294,4
5295,3
5296,4
5297,3
5298,2
5299,2
5300,3
5301,4
5302,2
5303,2
5304,3
5305,4
5306,2
5307,7
5308,2
5309,5
5310,2
5311,5
5312,3
5313,3
5314,4
5315,6
5316,4
5317,1
5318,7
5319,3
5320,2
5321,3
5322,3
5323,3
5324,3
5325,2
5326,3
5327,1
5328,3
5329,0
5330,6
5331,3
5332,5
5333,4
5334,2
5335,0
5336,5
5337,3
5338,1
5339,2
5340,5
5341,1
5342,1
5343,4
5344,2
5345,2
5346,9
5347,4
5348,5
5349,3
5350,2
5351,1
5352,3
5353,3
5354,4
5355,2
5356,2
5357,4
5358,4
5359,4
5360,2
5361,5
5362,1
5363,3
5364,4
5365,2
5366,3
5367,3
5368,2
5369,2
5370,4
5371,2
5372,3
5373,5
5374,9
5375,1
5376,4
5377,1
5378,2
5379,0
5380,0
5381,7
5382,2
5383,5
5384,4
5385,2
5386,4
5387,1
5388,1
5389,3
5390,1
5391,4
5392,3
5393,3
5394,2
5395,5
5396,4
5397,3
5398,2
5399,0
5400,7
5401,2
5402,2
5403,2
5404,2
5405,3
5406,3
5407,5
5408,2
5409,2
5410,7
5411,1
5412,0
5413,6
5414,2
5415,1
5416,1
5417,2
5418,2
5419,2
5420,2
5421,3
5422,6
5423,5
5424,1
5425,3
5426,2
5427,5
5428,4
5429,5
5430,5
5431,4
5432,4
5433,4
5434,2
5435,5
5436,2
5437,4
5438,3
5439,4
5440,2
5441,2
5442,3
5443,3
5444,2
5445,3
5446,3
5447,2
5448,6
5449,4
5450,4
5451,1
5452,3
5453,5
5454,1
5455,0
5456,5
5457,2
5458,5
5459,1
5460,3
5461,4
5462,5
5463,4
5464,6
5465,4
5466,3
5467,8
5468,2
5469,1
5470,5
5471,6
5472,4
5473,6
5474,1
5475,7
5476,7
5477,4
5478,5
5479,2
5480,6
5481,4
5482,2
5483,6
5484,9
5485,3
5486,5
5487,6
5488,4
5489,2
5490,4
5491,4
5492,3
5493,0
5494,4
5495,4
5496,4
5497,6
5498,2
5499,4
5500,4
5501,4
5502,5
5503,3
5504,0
5505,2
5506,2
5507,4
5508,3
5509,4
5510,3
5511,1
5512,7
5513,0
5514,3
5515,5
5516,1
5517,5
5518,6
5519,3
5520,0
5521,2
5522,6
5523,4
5524,5
5525,2
5526,10
5527,2
5528,1
5529,1
5530,3
5531,2
5532,2
5533,6
5534,4
5535,4
5536,1
5537,3
5538,2
5539,3
5540,2
5541,3
5542,4
5543,5
5544,1
5545,2
5546,3
5547,0
5548,2
5549,1
5550,1
5551,1
5552,6
5553,3
5554,5
5555,2
5556,5
5557,2
5558,2
5559,1
5560,2
5561,5
5562,0
5563,1
5564,3
5565,1
5566,2
5567,1
5568,8
5569,2
5570,2
5571,4
5572,3
5573,7
5574,6
5575,3
5576,5
5577,6
5578,2
5579,2
5580,1
5581,0
5582,2
5583,2
5584,0
5585,2
5586,4
5587,5
5588,3
5589,5
5590,0
5591,4
5592,0
5593,1
5594,3
5595,0
5596,1
5597,5
5598,3
5599,1
5600,0
5601,2
5602,2
5603,5
5604,4
5605,4
5606,4
5607,1
5608,2
5609,1
5610,3
5611,4
5612,5
5613,2
5614,3
5615,4
5616,5
5617,2
5618,3
5619,7
5620,7
5621,4
5622,0
5623,1
5624,4
5625,2
5626,1
5627,2
5628,2
5629,1
5630,1
5631,2
5632,2
5633,6
5634,3
5635,5
5636,4
5637,1
5638,3
5639,0
5640,6
5641,1
5642,0
5643,5
5644,2
5645,1
5646,4
5647,3
5648,4
5649,0
5650,2
5651,6
5652,6
5653,4
5654,1
5655,5
5656,3
5657,2
5658,3
5659,3
5660,4
5661,3
5662,5
5663,4
5664,2
5665,5
5666,3
5667,0
5668,5
5669,2
5670,1
5671,1
5672,4
5673,1
5674,4
5675,2
5676,4
5677,3
5678,2
5679,3
5680,4
5681,1
5682,5
5683,4
5684,7
5685,3
5686,2
5687,5
5688,2
5689,5
5690,4
5691,4
5692,3
5693,3
5694,6
5695,5
5696,3
5697,3
5698,2
5699,4
5700,2
5701,4
5702,2
5703,3
5704,4
5705,6
5706,2
5707,1
5708,1
5709,3
5710,1
5711,1
5712,2
5713,1
5714,4
5715,1
5716,1
5717,2
5718,1
5719,3
5720,1
5721,2
5722,1
5723,3
5724,1
5725,2
5726,1
5727,1
5728,10
5729,9
5730,1
5731,3
5732,3
5733,3
5734,3
5735,2
5736,3
5737,5
5738,2
5739,2
5740,1
5741,4
5742,4
5743,2
5744,3
5745,2
5746,0
5747,0
5748,3
5749,2
5750,3
5751,1
5752,4
5753,4
5754,5
5755,3
5756,6
5757,3
5758,3
5759,1
5760,4
5761,0
5762,4
5763,4
5764,3
5765,1
5766,2
5767,1
5768,3
5769,4
5770,4
5771,0
5772,2
5773,1
5774,5
5775,2
5776,5
5777,3
5778,1
5779,4
5780,3
5781,3
5782,4
5783,1
5784,4
5785,4
5786,4
5787,3
5788,1
5789,5
5790,3
5791,4
5792,2
5793,1
5794,1
5795,3
5796,3
5797,2
5798,3
5799,2
5800,0
5801,7
5802,4
5803,0
5804,3
5805,2
5806,4
5807,1
5808,1
5809,6
5810,3
5811,2
5812,2
5813,1
5814,3
5815,4
5816,4
5817,2
5818,3
5819,0
5820,0
5821,2
5822,4
5823,6
5824,4
5825,0
5826,5
5827,3
5828,3
5829,2
5830,1
5831,4
5832,1
5833,1
5834,4
5835,1
5836,3
5837,3
5838,2
5839,8
5840,3
5841,1
5842,2
5843,3
5844,6
5845,3
5846,1
5847,3
5848,2
5849,3
5850,1
5851,6
5852,2
5853,2
5854,3
5855,4
5856,5
5857,4
5858,3
5859,6
5860,5
5861,0
5862,0
5863,2
5864,2
5865,5
5866,0
5867,3
5868,3
5869,2
5870,4
5871,2
5872,3
5873,5
5874,2
5875,0
5876,2
5877,3
5878,3
5879,3
5880,3
5881,2
5882,0
5883,2
5884,5
5885,4
5886,2
5887,0
5888,2
5889,2
5890,3
5891,1
5892,5
5893,2
5894,4
5895,4
5896,6
5897,3
5898,4
5899,3
5900,4
5901,3
5902,2
5903,4
5904,7
5905,2
5906,1
5907,8
5908,2
5909,2
5910,4
5911,3
5912,1
5913,3
5914,1
5915,3
5916,1
5917,4
5918,2
5919,3
5920,2
5921,3
5922,6
5923,3
5924,2
5925,3
5926,2
5927,3
5928,3
5929,4
5930,1
5931,3
5932,2
5933,4
5934,5
5935,2
5936,5
5937,2
5938,2
5939,3
5940,3
5941,2
5942,1
5943,4
5944,2
5945,2
5946,1
5947,4
5948,2
5949,2
5950,1
5951,2
5952,3
5953,1
5954,2
5955,1
5956,0
5957,4
5958,2
5959,1
5960,3
5961,5
5962,5
5963,2
5964,6
5965,1
5966,2
5967,0
5968,2
5969,1
5970,2
5971,1
5972,1
5973,1
5974,1
5975,1
5976,2
5977,1
5978,1
5979,7
5980,2
5981,6
5982,2
5983,2
5984,4
5985,3
5986,1
5987,4
5988,2
5989,1
5990,2
5991,3
5992,5
5993,1
5994,4
5995,1
5996,4
5997,1
5998,3
5999,3
6000,2
6001,6
6002,4
6003,1
6004,2
6005,5
6006,1
6007,5
6008,7
6009,1
6010,3
6011,2
6012,3
6013,0
6014,4
6015,2
6016,3
6017,6
6018,4
6019,5
6020,2
6021,3
6022,4
6023,1
6024,4
6025,4
6026,5
6027,0
6028,2
6029,2
6030,2
6031,6
6032,1
6033,2
6034,1
6035,2
6036,2
6037,2
6038,2
6039,2
6040,4
6041,2
6042,6
6043,1
6044,1
6045,3
6046,7
6047,3
6048,3
6049,1
6050,1
6051,1
6052,4
6053,3
6054,4
6055,2
6056,4
6057,0
6058,3
6059,1
6060,6
6061,2
6062,0
6063,3
6064,0
6065,3
6066,5
6067,2
6068,2
6069,3
6070,1
6071,1
6072,6
6073,4
6074,1
6075,2
6076,3
6077,4
6078,2
6079,1
6080,6
6081,0
6082,3
6083,2
6084,4
6085,4
6086,2
6087,3
6088,4
6089,3
6090,2
6091,3
6092,1
6093,4
6094,0
6095,2
6096,4
6097,1
6098,3
6099,2
6100,3
6101,7
6102,1
6103,4
6104,4
6105,4
6106,4
6107,2
6108,2
6109,1
6110,2
6111,2
6112,4
6113,3
6114,4
6115,2
6116,2
6117,2
6118,1
6119,2
6120,2
6121,2
6122,2
6123,5
6124,8
6125,0
6126,0
6127,5
6128,1
6129,6
6130,3
6131,2
6132,0
6133,1
6134,2
6135,1
6136,1
6137,2
6138,1
6139,6
6140,2
6141,2
6142,1
6143,1
6144,1
6145,2
6146,4
6147,2
6148,2
6149,5
6150,1
6151,1
6152,2
6153,1
6154,6
6155,2
6156,2
6157,2
6158,2
6159,2
6160,5
6161,3
6162,2
6163,4
6164,3
6165,2
6166,4
6167,2
6168,2
6169,5
6170,2
6171,2
6172,1
6173,2
6174,4
6175,4
6176,3
6177,3
6178,1
6179,4
6180,4
6181,4
6182,0
6183,3
6184,0
6185,0
6186,1
6187,3
6188,5
6189,1
6190,5
6191,3
6192,0
6193,3
6194,1
6195,1
6196,4
6197,1
6198,3
6199,2
6200,3
6201,5
6202,4
6203,1
6204,2
6205,0
6206,1
6207,1
6208,2
6209,2
6210,4
6211,3
6212,5
6213,3
6214,1
6215,0
6216,4
6217,5
6218,2
6219,2
6220,2
6221,2
6222,5
6223,2
6224,1
6225,1
6226,3
6227,2
6228,1
6229,1
6230,2
6231,2
6232,1
6233,3
6234,3
6235,1
6236,3
6237,3
6238,1
6239,0
6240,2
6241,2
6242,4
6243,0
6244,5
6245,1
6246,5
6247,5
6248,3
6249,5
6250,1
6251,1
6252,2
6253,3
6254,1
6255,4
6256,1
6257,2
6258,1
6259,3
6260,4
6261,1
6262,2
6263,2
6264,1
6265,3
6266,2
6267,2
6268,2
6269,0
6270,0
6271,2
6272,6
6273,4
6274,5
6275,5
6276,3
6277,1
6278,2
6279,2
6280,8
6281,4
6282,4
6283,2
6284,2
6285,2
6286,3
6287,6
6288,4
6289,2
6290,2
6291,2
6292,2
6293,1
6294,2
6295,0
6296,2
6297,2
6298,5
6299,2
6300,1
6301,2
6302,4
6303,2
6304,4
6305,4
6306,2
6307,1
6308,0
6309,3
6310,1
6311,0
6312,1
6313,1
6314,3
6315,0
6316,2
6317,1
6318,0
6319,3
6320,4
6321,4
6322,4
6323,1
6324,3
6325,2
6326,0
6327,0
6328,2
6329,0
6330,1
6331,1
6332,4
6333,3
6334,4
6335,1
6336,0
6337,0
6338,3
6339,3
6340,6
6341,4
6342,3
6343,3
6344,3
6345,3
6346,1
6347,1
6348,2
6349,4
6350,2
6351,0
6352,4
6353,3
6354,4
6355,1
6356,4
6357,2
6358,2
6359,1
6360,2
6361,3
6362,3
6363,2
6364,4
6365,2
6366,1
6367,3
6368,3
6369,3
6370,2
6371,3
6372,1
6373,1
6374,3
6375,8
6376,2
6377,2
6378,5
6379,4
6380,4
6381,4
6382,0
6383,1
6384,3
6385,3
6386,0
6387,2
6388,3
6389,2
6390,5
6391,2
6392,4
6393,0
6394,5
6395,1
6396,3
6397,5
6398,1
6399,0
6400,3
6401,0
6402,1
6403,1
6404,1
6405,1
6406,6
6407,1
6408,2
6409,2
6410,1
6411,5
6412,2
6413,3
6414,7
6415,4
6416,2
6417,4
6418,1
6419,0
6420,3
6421,0
6422,2
6423,2
6424,4
6425,3
6426,2
6427,1
6428,0
6429,1
6430,3
6431,2
6432,5
6433,1
6434,2
6435,3
6436,0
6437,2
6438,6
6439,2
6440,2
6441,3
6442,5
6443,1
6444,1
6445,2
6446,3
6447,2
6448,2
6449,3
6450,4
6451,1
6452,5
6453,5
6454,6
6455,1
6456,2
6457,3
6458,0
6459,2
6460,5
6461,1
6462,3
6463,3
6464,3
6465,3
6466,2
6467,4
6468,5
6469,5
6470,4
6471,3
6472,0
6473,4
6474,3
6475,3
6476,2
6477,0
6478,2
6479,3
6480,5
6481,0
6482,4
6483,4
6484,4
6485,5
6486,4
6487,3
6488,7
6489,3
6490,1
6491,1
6492,2
6493,3
6494,5
6495,2
6496,2
6497,3
6498,4
6499,3
6500,4
6501,5
6502,0
6503,3
6504,0
6505,0
6506,3
6507,1
6508,1
6509,2
6510,3
6511,2
6512,4
6513,1
6514,3
6515,2
6516,2
6517,0
6518,4
6519,2
6520,2
6521,2
6522,3
6523,3
6524,3
6525,2
6526,3
6527,1
6528,2
6529,2
6530,2
6531,2
6532,2
6533,1
6534,1
6535,4
6536,0
6537,4
6538,3
6539,4
6540,2
6541,2
6542,3
6543,4
6544,2
6545,4
6546,1
6547,3
6548,3
6549,4
6550,10
6551,3
6552,2
6553,1
6554,2
6555,2
6556,1
6557,3
6558,2
6559,1
6560,2
6561,2
6562,7
6563,4
6564,3
6565,2
6566,5
6567,3
6568,1
6569,2
6570,3
6571,4
6572,2
6573,3
6574,6
6575,3
6576,1
6577,4
6578,2
6579,6
6580,3
6581,2
6582,5
6583,3
6584,3
6585,2
6586,2
6587,5
6588,3
6589,3
6590,2
6591,2
6592,3
6593,6
6594,5
6595,7
6596,2
6597,2
6598,2
6599,3
6600,1
6601,3
6602,2
6603,1
6604,3
6605,2
6606,2
6607,5
6608,2
6609,4
6610,4
6611,1
6612,2
6613,5
6614,4
6615,4
6616,4
6617,4
6618,0
6619,3
6620,1
6621,2
6622,2
6623,3
6624,2
6625,5
6626,0
6627,1
6628,1
6629,1
6630,2
6631,4
6632,2
6633,8
6634,1
6635,7
6636,4
6637,5
6638,3
6639,1
6640,2
6641,2
6642,2
6643,4
6644,2
6645,2
6646,2
6647,3
6648,4
6649,7
6650,2
6651,1
6652,1
6653,6
6654,3
6655,4
6656,4
6657,1
6658,3
6659,2
6660,5
6661,3
6662,3
6663,2
6664,6
6665,3
6666,4
6667,2
6668,1
6669,1
6670,1
6671,2
6672,5
6673,3
6674,8
6675,4
6676,3
6677,6
6678,5
6679,3
6680,5
6681,4
6682,4
6683,3
6684,5
6685,3
6686,3
6687,3
6688,4
6689,2
6690,7
6691,5
6692,11
6693,5
6694,5
6695,2
6696,2
6697,3
6698,4
6699,2
6700,2
6701,3
6702,3
6703,4
6704,2
6705,1
6706,2
6707,3
6708,2
6709,1
6710,4
6711,5
6712,2
6713,1
6714,3
6715,5
6716,3
6717,3
6718,2
6719,0
6720,1
6721,0
6722,0
6723,4
6724,2
6725,3
6726,3
6727,2
6728,2
6729,1
6730,4
6731,3
6732,1
6733,5
6734,4
6735,3
6736,0
6737,1
6738,4
6739,5
6740,4
6741,1
6742,1
6743,3
6744,2
6745,4
6746,5
6747,3
6748,3
6749,5
6750,2
6751,3
6752,1
6753,3
6754,1
6755,4
6756,3
6757,1
6758,3
6759,0
6760,1
6761,2
6762,3
6763,2
6764,5
6765,4
6766,3
6767,1
6768,3
6769,0
6770,2
6771,2
6772,2
6773,4
6774,4
6775,1
6776,5
6777,2
6778,2
6779,3
6780,2
6781,2
6782,2
6783,0
6784,2
6785,2
6786,1
6787,2
6788,1
6789,2
6790,3
6791,3
6792,4
6793,4
6794,2
6795,3
6796,1
6797,3
6798,1
6799,3
6800,3
6801,1
6802,4
6803,1
6804,7
6805,1
6806,4
6807,4
6808,4
6809,1
6810,2
6811,1
6812,1
6813,5
6814,3
6815,3
6816,1
6817,4
6818,1
6819,4
6820,0
6821,3
6822,2
6823,4
6824,3
6825,4
6826,3
6827,5
6828,1
6829,5
6830,1
6831,3
6832,1
6833,2
6834,5
6835,2
6836,5
6837,8
6838,1
6839,3
6840,2
6841,2
6842,3
6843,2
6844,3
6845,2
6846,4
6847,2
6848,6
6849,2
6850,5
6851,2
6852,5
6853,4
6854,3
6855,2
6856,2
6857,2
6858,1
6859,4
6860,2
6861,4
6862,2
6863,3
6864,3
6865,1
6866,4
6867,3
6868,4
6869,1
6870,4
6871,1
6872,4
6873,1
6874,0
6875,4
6876,0
6877,3
6878,1
6879,5
6880,4
6881,4
6882,2
6883,2
6884,3
6885,3
6886,4
6887,2
6888,3
6889,0
6890,1
6891,2
6892,4
6893,3
6894,1
6895,0
6896,4
6897,2
6898,4
6899,4
6900,3
6901,0
6902,2
6903,1
6904,9
6905,1
6906,1
6907,1
6908,2
6909,3
6910,1
6911,3
6912,4
6913,4
6914,0
6915,2
6916,1
6917,4
6918,2
6919,5
6920,2
6921,4
6922,2
6923,4
6924,2
6925,1
6926,3
6927,1
6928,1
6929,2
6930,6
6931,2
6932,6
6933,1
6934,2
6935,3
6936,2
6937,4
6938,0
6939,1
6940,1
6941,3
6942,3
6943,1
6944,1
6945,1
6946,5
6947,3
6948,1
6949,0
6950,3
6951,3
6952,2
6953,4
6954,3
6955,6
6956,4
6957,2
6958,2
6959,4
6960,1
6961,3
6962,5
6963,4
6964,2
6965,3
6966,6
6967,4
6968,2
6969,2
6970,3
6971,2
6972,5
6973,2
6974,5
6975,1
6976,3
6977,3
6978,2
6979,2
6980,3
6981,4
6982,2
6983,1
6984,3
6985,1
6986,5
6987,2
6988,3
6989,5
6990,0
6991,0
6992,3
6993,4
6994,2
6995,7
6996,3
6997,3
6998,4
6999,4
7000,6
7001,2
7002,1
7003,1
7004,3
7005,2
7006,0
7007,4
7008,2
7009,2
7010,1
7011,2
7012,2
7013,2
7014,2
7015,1
7016,2
7017,1
7018,4
7019,2
7020,2
7021,5
7022,6
7023,4
7024,0
7025,1
7026,3
7027,3
7028,1
7029,5
7030,2
7031,3
7032,1
7033,1
7034,1
7035,1
7036,1
7037,1
7038,4
7039,2
7040,1
7041,1
7042,2
7043,1
7044,3
7045,3
7046,4
7047,3
7048,1
7049,3
7050,6
7051,1
7052,4
7053,4
7054,4
7055,2
7056,6
7057,4
7058,2
7059,2
7060,1
7061,1
7062,1
7063,2
7064,4
7065,2
7066,1
7067,2
7068,0
7069,6
7070,1
7071,5
7072,1
7073,0
7074,0
7075,5
7076,1
7077,1
7078,3
7079,2
7080,1
7081,2
7082,1
7083,4
7084,1
7085,0
7086,3
7087,2
7088,4
7089,2
7090,2
7091,6
7092,2
7093,1
7094,3
7095,3
7096,1
7097,1
7098,3
7099,3
7100,2
7101,2
7102,1
7103,1
7104,3
7105,2
7106,4
7107,1
7108,4
7109,2
7110,3
7111,3
7112,0
7113,7
7114,1
7115,1
7116,3
7117,2
7118,1
7119,2
7120,1
7121,1
7122,4
7123,1
7124,4
7125,4
7126,1
7127,2
7128,0
7129,6
7130,3
7131,0
7132,4
7133,2
7134,4
7135,2
7136,3
7137,0
7138,5
7139,3
7140,2
7141,2
7142,0
7143,6
7144,4
7145,1
7146,1
7147,1
7148,6
7149,2
7150,3
7151,2
7152,1
7153,1
7154,2
7155,1
7156,2
7157,3
7158,2
7159,1
7160,4
7161,4
7162,5
7163,3
7164,5
7165,2
7166,2
7167,4
7168,3
7169,5
7170,5
7171,1
7172,1
7173,3
7174,4
7175,2
7176,3
7177,3
7178,1
7179,4
7180,3
7181,3
7182,3
7183,6
7184,3
7185,4
7186,0
7187,3
7188,1
7189,1
7190,1
7191,3
7192,2
7193,4
7194,2
7195,2
7196,3
7197,1
7198,2
7199,1
7200,2
7201,1
7202,2
7203,7
7204,3
7205,4
7206,2
7207,3
7208,3
7209,1
7210,4
7211,0
7212,0
7213,6
7214,2
7215,1
7216,2
7217,2
7218,4
7219,2
7220,3
7221,5
7222,2
7223,0
7224,2
7225,3
7226,3
7227,0
7228,2
7229,1
7230,4
7231,1
7232,0
7233,2
7234,2
7235,4
7236,4
7237,2
7238,2
7239,3
7240,1
7241,4
7242,4
7243,2
7244,3
7245,2
7246,2
7247,2
7248,1
7249,2
7250,6
7251,3
7252,3
7253,3
7254,1
7255,3
7256,0
7257,0
7258,2
7259,4
7260,1
7261,5
7262,3
7263,1
7264,2
7265,2
7266,3
7267,2
7268,1
7269,2
7270,3
7271,4
7272,2
7273,4
7274,3
7275,4
7276,5
7277,1
7278,2
7279,1
7280,2
7281,3
7282,3
7283,2
7284,2
7285,2
7286,1
7287,3
7288,2
7289,1
7290,1
7291,2
7292,3
7293,0
7294,4
7295,2
7296,3
7297,2
7298,1
7299,3
7300,1
7301,3
7302,1
7303,3
7304,2
7305,2
7306,0
7307,1
7308,4
7309,2
7310,4
7311,3
7312,2
7313,4
7314,3
7315,2
7316,1
7317,5
7318,2
7319,2
7320,1
7321,4
7322,7
7323,3
7324,5
7325,1
7326,5
7327,5
7328,2
7329,3
7330,2
7331,2
7332,0
7333,4
7334,5
7335,3
7336,7
7337,2
7338,5
7339,2
7340,3
7341,1
7342,3
7343,0
7344,4
7345,1
7346,5
7347,3
7348,5
7349,1
7350,3
7351,3
7352,3
7353,4
7354,2
7355,2
7356,3
7357,1
7358,0
7359,2
7360,1
7361,3
7362,3
7363,1
7364,4
7365,3
7366,1
7367,7
7368,2
7369,2
7370,5
7371,2
7372,3
7373,1
7374,3
7375,2
7376,2
7377,1
7378,4
7379,0
7380,1
7381,3
7382,1
7383,1
7384,5
7385,2
7386,3
7387,1
7388,1
7389,3
7390,1
7391,5
7392,4
7393,1
7394,5
7395,3
7396,6
7397,1
7398,3
7399,1
7400,3
7401,2
7402,0
7403,2
7404,3
7405,3
7406,1
7407,3
7408,0
7409,2
7410,2
7411,0
7412,5
7413,1
7414,3
7415,1
7416,2
7417,2
7418,2
7419,3
7420,1
7421,6
7422,4
7423,1
7424,2
7425,2
7426,0
7427,2
7428,3
7429,3
7430,4
7431,4
7432,1
7433,7
7434,3
7435,2
7436,0
7437,3
7438,0
7439,0
7440,0
7441,2
7442,2
7443,2
7444,6
7445,4
7446,0
7447,5
7448,2
7449,0
7450,2
7451,1
7452,1
7453,6
7454,3
7455,4
7456,2
7457,3
7458,2
7459,1
7460,3
7461,2
7462,4
7463,1
7464,3
7465,1
7466,2
7467,0
7468,0
7469,1
7470,4
7471,4
7472,4
7473,2
7474,2
7475,5
7476,2
7477,1
7478,0
7479,2
7480,1
7481,4
7482,3
7483,2
7484,2
7485,3
7486,2
7487,2
7488,3
7489,1
7490,4
7491,4
7492,4
7493,0
7494,0
7495,5
7496,2
7497,3
7498,2
7499,0
7500,3
7501,0
7502,2
7503,3
7504,2
7505,2
7506,3
7507,1
7508,2
7509,0
7510,0
7511,3
7512,2
7513,4
7514,2
7515,2
7516,2
7517,3
7518,3
7519,6
7520,3
7521,2
7522,6
7523,1
7524,4
7525,3
7526,2
7527,5
7528,3
7529,1
7530,4
7531,4
7532,6
7533,4
7534,6
7535,6
7536,7
7537,8
7538,7
7539,10
7540,7
7541,13
7542,16
7543,10
7544,7
7545,24
7546,18
7547,22
7548,22
7549,25
7550,24
7551,31
7552,34
7553,32
7554,34
7555,25
7556,29
7557,21
7558,25
7559,21
7560,22
7561,21
7562,22
7563,21
7564,22
7565,24
7566,28
7567,16
7568,12
7569,18
7570,14
7571,12
7572,11
7573,3
7574,10
7575,10
7576,7
7577,5
7578,3
7579,2
7580,3
7581,5
7582,6
7583,1
7584,6
7585,0
7586,0
7587,0
7588,2
7589,1
7590,0
7591,0
7592,1
7593,4
7594,0
7595,3
7596,5
7597,2
7598,3
7599,1
7600,1
7601,2
7602,1
7603,1
7604,2
7605,1
7606,0
7607,1
7608,1
7609,0
7610,0
7611,3
7612,3
7613,6
7614,3
7615,2
7616,0
7617,8
7618,1
7619,2
7620,2
7621,1
7622,1
7623,2
7624,0
7625,1
7626,2
7627,2
7628,2
7629,5
7630,1
7631,1
7632,3
7633,3
7634,2
7635,2
7636,2
7637,3
7638,4
7639,3
7640,3
7641,2
7642,1
7643,2
7644,1
7645,4
7646,3
7647,4
7648,0
7649,0
7650,1
7651,0
7652,1
7653,1
7654,2
7655,0
7656,3
7657,1
7658,2
7659,0
7660,1
7661,1
7662,1
7663,1
7664,3
7665,1
7666,1
7667,3
7668,3
7669,3
7670,0
7671,0
7672,1
7673,1
7674,0
7675,2
7676,1
7677,1
7678,1
7679,3
7680,2
7681,7
7682,3
7683,0
7684,0
7685,2
7686,1
7687,3
7688,1
7689,1
7690,3
7691,3
7692,1
7693,3
7694,4
7695,5
7696,0
7697,1
7698,2
7699,1
7700,0
7701,2
7702,1
7703,2
7704,3
7705,2
7706,3
7707,2
7708,3
7709,2
7710,6
7711,3
7712,0
7713,3
7714,0
7715,1
7716,2
7717,6
7718,4
7719,6
7720,1
7721,4
7722,1
7723,1
7724,3
7725,3
7726,2
7727,1
7728,3
7729,1
7730,1
7731,4
7732,1
7733,3
7734,1
7735,0
7736,2
7737,3
7738,1
7739,0
7740,1
7741,4
7742,1
7743,1
7744,3
7745,1
7746,2
7747,3
7748,2
7749,3
7750,2
7751,2
7752,1
7753,3
7754,6
7755,1
7756,2
7757,1
7758,4
7759,0
7760,1
7761,2
7762,0
7763,3
7764,2
7765,2
7766,1
7767,0
7768,0
7769,2
7770,4
7771,2
7772,2
7773,1
7774,2
7775,0
7776,2
7777,3
7778,1
7779,2
7780,2
7781,7
7782,1
7783,1
7784,4
7785,4
7786,3
7787,3
7788,1
7789,2
7790,3
7791,2
7792,4
7793,5
7794,3
7795,2
7796,2
7797,0
7798,2
7799,1
7800,2
7801,2
7802,1
7803,1
7804,7
7805,2
7806,0
7807,3
7808,1
7809,1
7810,1
7811,0
7812,1
7813,3
7814,1
7815,0
7816,3
7817,1
7818,0
7819,0
7820,1
7821,6
7822,4
7823,2
7824,3
7825,2
7826,2
7827,3
7828,1
7829,0
7830,2
7831,2
7832,4
7833,2
7834,3
7835,2
7836,4
7837,2
7838,1
7839,4
7840,1
7841,3
7842,3
7843,1
7844,3
7845,3
7846,0
7847,1
7848,2
7849,1
7850,1
7851,1
7852,2
7853,1
7854,5
7855,4
7856,6
7857,1
7858,3
7859,2
7860,4
7861,1
7862,1
7863,2
7864,1
7865,5
7866,3
7867,4
7868,0
7869,3
7870,2
7871,1
7872,3
7873,4
7874,1
7875,7
7876,2
7877,2
7878,2
7879,2
7880,2
7881,2
7882,2
7883,1
7884,5
7885,4
7886,1
7887,2
7888,0
7889,2
7890,2
7891,1
7892,4
7893,1
7894,2
7895,2
7896,2
7897,4
7898,1
7899,0
7900,1
7901,2
7902,3
7903,2
7904,0
7905,1
7906,1
7907,1
7908,2
7909,2
7910,1
7911,2
7912,0
7913,1
7914,1
7915,2
7916,1
7917,3
7918,2
7919,3
7920,4
7921,2
7922,3
7923,0
7924,3
7925,2
7926,1
7927,2
7928,3
7929,1
7930,5
7931,2
7932,4
7933,2
7934,3
7935,4
7936,3
7937,1
7938,1
7939,1
7940,1
7941,2
7942,4
7943,1
7944,2
7945,2
7946,2
7947,1
7948,3
7949,1
7950,1
7951,1
7952,2
7953,1
7954,4
7955,3
7956,1
7957,3
7958,6
7959,0
7960,1
7961,2
7962,3
7963,2
7964,1
7965,2
7966,2
7967,3
7968,2
7969,4
7970,1
7971,2
7972,5
7973,3
7974,3
7975,3
7976,3
7977,5
7978,4
7979,0
7980,0
7981,3
7982,3
7983,2
7984,2
7985,1
7986,1
7987,3
7988,2
7989,3
7990,0
7991,4
7992,0
7993,1
7994,2
7995,3
7996,0
7997,3
7998,3
7999,1
8000,1
8001,3
8002,5
8003,3
8004,3
8005,3
8006,1
8007,28
8008,44
8009,33
8010,46
8011,34
8012,41
8013,46
8014,35
8015,46
8016,30
8017,44
8018,29
8019,55
8020,36
8021,42
8022,32
8023,36
8024,35
8025,38
8026,41
8027,36
8028,32
8029,38
8030,42
8031,34
8032,28
8033,38
8034,36
8035,41
8036,53
8037,36
8038,40
8039,43
8040,39
8041,48
8042,42
8043,35
8044,30
8045,34
8046,56
8047,32
8048,45
8049,28
8050,57
8051,36
8052,30
8053,42
8054,37
8055,43
8056,40
8057,43
8058,41
8059,42
8060,48
8061,34
8062,34
8063,37
8064,38
8065,27
8066,39
8067,41
8068,42
8069,32
8070,47
8071,37
8072,35
8073,37
8074,39
8075,37
8076,38
8077,34
8078,43
8079,25
8080,39
8081,31
8082,45
8083,40
8084,50
8085,36
8086,47
8087,43
8088,40
8089,41
8090,37
8091,31
8092,42
8093,40
8094,34
8095,42
8096,37
8097,41
8098,46
8099,38
8100,37
8101,34
8102,43
8103,41
8104,36
8105,54
8106,33
8107,37
8108,47
8109,35
8110,43
8111,37
8112,55
8113,44
8114,41
8115,38
8116,39
8117,38
8118,28
8119,40
8120,47
8121,40
8122,39
8123,36
8124,45
8125,30
8126,24
8127,48
8128,45
8129,34
8130,42
8131,31
8132,36
8133,28
8134,38
8135,42
8136,37
8137,34
8138,41
8139,39
8140,47
8141,37
8142,35
8143,37
8144,42
8145,35
8146,30
8147,31
8148,47
8149,41
8150,39
8151,30
8152,35
8153,28
8154,32
8155,31
8156,32
8157,26
8158,39
8159,51
8160,33
8161,32
8162,33
8163,34
8164,44
8165,35
8166,27
8167,44
8168,41
8169,35
8170,33
8171,38
8172,39
8173,44
8174,41
8175,40
8176,43
8177,34
8178,36
8179,46
8180,42
8181,30
8182,32
8183,25
8184,44
8185,35
8186,39
8187,39
8188,33
8189,40
8190,34
8191,14
